{"Base Color": [0.6867937307700789, 0.15353105058245087, 0.7274583699856321, 1.0], "Subsurface": 0.30727704513233267, "Subsurface Radius": [0.3092126634108161, 0.2076455009743713, 0.27707302010759804], "Subsurface Color": [0.07904381356752022, 0.1412055931999242, 0.7952311522812618, 1.0], "Metallic": 0.5848079872059158, "Specular": 0.8863086284312642, "Specular Tint": 0.5726838302167195, "Roughness": 0.3941151048974154, "Anisotropic": 0.5447583294990781, "Anisotropic Rotation": 0.2179395091709626, "Sheen": 0.4255199976052306, "Sheen Tint": 0.273085505919496, "Clearcoat": 0.5799716767801483, "Clearcout Roughness": 0.6409819089713477, "IOR": 1.45, "Transmission": 0.6729876887141549, "Transmission Roughness": 0.9456167699423674, "Emission": [0.0, 0.0, 0.0, 1.0], "Alpha": 1.0}