{"Base Color": [0.05792533911735964, 0.5006630929146151, 0.8063209818950872, 1.0], "Subsurface": 0.8541564760128179, "Subsurface Radius": [0.5312081050768998, 0.24986687901977966, 0.1514440347009366], "Subsurface Color": [0.8353353179160424, 0.5488617291356825, 0.3566727833773389, 1.0], "Metallic": 0.35079113982007304, "Specular": 0.06661406558571858, "Specular Tint": 0.8271248014643348, "Roughness": 0.9602610630292079, "Anisotropic": 0.8417251831852669, "Anisotropic Rotation": 0.7078921373255206, "Sheen": 0.11189031802793659, "Sheen Tint": 0.16309302891499378, "Clearcoat": 0.44755008002961605, "Clearcout Roughness": 0.7498023085932355, "IOR": 1.45, "Transmission": 0.13769849182638128, "Transmission Roughness": 0.5155267013607266, "Emission": [0.0, 0.0, 0.0, 1.0], "Alpha": 1.0}