{"Base Color": [0.6990837525917898, 0.215702167373776, 0.5990529889908404, 1.0], "Subsurface": 0.4978920974529919, "Subsurface Radius": [0.6502628119051964, 0.7648003296399704, 0.6908256914345783], "Subsurface Color": [0.9309137724786173, 0.5177192293469309, 0.4660199556290099, 1.0], "Metallic": 0.7698347398029185, "Specular": 0.7295269510114775, "Specular Tint": 0.6721920395266997, "Roughness": 0.7341905980858565, "Anisotropic": 0.47671092219150546, "Anisotropic Rotation": 0.714046927832733, "Sheen": 0.0316160418373399, "Sheen Tint": 0.8896575712843205, "Clearcoat": 0.12135495924373829, "Clearcout Roughness": 0.9184746035396616, "IOR": 1.45, "Transmission": 0.4347065819488317, "Transmission Roughness": 0.5061641570014505, "Emission": [0.0, 0.0, 0.0, 1.0], "Alpha": 1.0}