{"Base Color": [0.11731067097324455, 0.966853099148952, 0.46361477575089227, 1.0], "Subsurface": 0.9352360122314328, "Subsurface Radius": [0.2058230400699569, 0.87514868911734, 0.46772681947282646], "Subsurface Color": [0.4922501110450789, 0.5193706492968585, 0.7240131392735965, 1.0], "Metallic": 0.20734759582247053, "Specular": 0.7291097394123198, "Specular Tint": 0.514147035373136, "Roughness": 0.5100786445642366, "Anisotropic": 0.22040074166528778, "Anisotropic Rotation": 0.872536955791405, "Sheen": 0.5909874403032981, "Sheen Tint": 0.008867017461749893, "Clearcoat": 0.3382207298381591, "Clearcout Roughness": 0.4654761045867899, "IOR": 1.45, "Transmission": 0.7124922872629926, "Transmission Roughness": 0.8588156909913233, "Emission": [0.0, 0.0, 0.0, 1.0], "Alpha": 1.0}