{"Base Color": [0.6570457979402692, 0.31747638086438246, 0.010916712590400945, 1.0], "Subsurface": 0.9467185968313258, "Subsurface Radius": [0.73079507275104, 0.5630997257177319, 0.3253130157484616], "Subsurface Color": [0.3582148622929392, 0.8894090770784323, 0.5997165769777526, 1.0], "Metallic": 0.625007913019044, "Specular": 0.9864305694667719, "Specular Tint": 0.452917625771984, "Roughness": 0.10657674458646349, "Anisotropic": 0.8688538184437488, "Anisotropic Rotation": 0.312418556473144, "Sheen": 0.2716812428394103, "Sheen Tint": 0.11643250278505801, "Clearcoat": 0.4340759261321092, "Clearcout Roughness": 0.46240866420740323, "IOR": 1.45, "Transmission": 0.990572533892178, "Transmission Roughness": 0.44446505659263746, "Emission": [0.0, 0.0, 0.0, 1.0], "Alpha": 1.0}