{"Base Color": [0.664361504506951, 0.6759799846506314, 0.33627573196039184, 1.0], "Subsurface": 0.34010304951620385, "Subsurface Radius": [0.30022615927610863, 0.6542425075597571, 0.19662487517876204], "Subsurface Color": [0.8509824026570708, 0.051846182137766705, 0.21679378469866528, 1.0], "Metallic": 0.07234277442628112, "Specular": 0.43280891998668747, "Specular Tint": 0.6778056712855933, "Roughness": 0.8364449484878251, "Anisotropic": 0.731412435386661, "Anisotropic Rotation": 0.391514259617622, "Sheen": 0.7471684359625775, "Sheen Tint": 0.6016769499826895, "Clearcoat": 0.86578935815089, "Clearcout Roughness": 0.7743977993928597, "IOR": 1.45, "Transmission": 0.9319904406683053, "Transmission Roughness": 0.797597809897622, "Emission": [0.0, 0.0, 0.0, 1.0], "Alpha": 1.0}