{"Base Color": [0.6438051004274747, 0.26681676359557815, 0.00925006741472556, 1.0], "Subsurface": 0.9246765984911107, "Subsurface Radius": [0.8954912892070516, 0.16086037549195586, 0.08745453785917845], "Subsurface Color": [0.08885952352008775, 0.9746328573708363, 0.5586258978987639, 1.0], "Metallic": 0.17667048644838068, "Specular": 0.8029755471284407, "Specular Tint": 0.6765533519644973, "Roughness": 0.10464360202235323, "Anisotropic": 0.7333620043514907, "Anisotropic Rotation": 0.6898336002555445, "Sheen": 0.850371460683511, "Sheen Tint": 0.6977974672693378, "Clearcoat": 0.35873431308202086, "Clearcout Roughness": 0.4852646564746662, "IOR": 1.45, "Transmission": 0.49090661667128765, "Transmission Roughness": 0.35867228955926866, "Emission": [0.0, 0.0, 0.0, 1.0], "Alpha": 1.0}