{"Base Color": [0.02153999979742305, 0.09759144937584863, 0.222064574739387, 1.0], "Subsurface": 0.9690028149947231, "Subsurface Radius": [0.8251109033782112, 0.285538310003173, 0.066575627168044], "Subsurface Color": [0.23936705217321164, 0.6393248540314567, 0.5731451478958023, 1.0], "Metallic": 0.4473307359438874, "Specular": 0.06014800609549942, "Specular Tint": 0.3449300229920764, "Roughness": 0.9203613584502157, "Anisotropic": 0.7009060695094594, "Anisotropic Rotation": 0.7080245210636789, "Sheen": 0.6956386678939245, "Sheen Tint": 0.14969360082931227, "Clearcoat": 0.44072888869805726, "Clearcout Roughness": 0.45337504797248773, "IOR": 1.45, "Transmission": 0.14991269446861188, "Transmission Roughness": 0.8950647192811977, "Emission": [0.0, 0.0, 0.0, 1.0], "Alpha": 1.0}