{"Base Color": [0.3304964528437956, 0.31333834077742295, 0.49390336773368315, 1.0], "Subsurface": 0.9530591459760631, "Subsurface Radius": [0.5808412303881986, 0.06309277579452532, 0.5263782406493671], "Subsurface Color": [0.457013558626968, 0.17788209781794884, 0.11560556677188316, 1.0], "Metallic": 0.5145569233368988, "Specular": 0.6433027211217157, "Specular Tint": 0.919567528473141, "Roughness": 0.1483183424979332, "Anisotropic": 0.07892723779510247, "Anisotropic Rotation": 0.32997340712540935, "Sheen": 0.06507046991853482, "Sheen Tint": 0.24080194979909642, "Clearcoat": 0.7465973211735981, "Clearcout Roughness": 0.46258990506521447, "IOR": 1.45, "Transmission": 0.9181895907472403, "Transmission Roughness": 0.2856024422512329, "Emission": [0.0, 0.0, 0.0, 1.0], "Alpha": 1.0}