{"Base Color": [0.5923446033959289, 0.6268815127490179, 0.588951557917087, 1.0], "Subsurface": 0.177469661181058, "Subsurface Radius": [0.8433460063862981, 0.22363910351631244, 0.11688725272007161], "Subsurface Color": [0.933551634082803, 0.4650052025730065, 0.2743353845366937, 1.0], "Metallic": 0.505005239977684, "Specular": 0.6675958348277417, "Specular Tint": 0.22576944073843086, "Roughness": 0.24705265935853138, "Anisotropic": 0.13289912586546815, "Anisotropic Rotation": 0.4124680224894266, "Sheen": 0.9552991723483775, "Sheen Tint": 0.9021445925639001, "Clearcoat": 0.7187612614466609, "Clearcout Roughness": 0.7952179016120293, "IOR": 1.45, "Transmission": 0.06060351014973375, "Transmission Roughness": 0.4738527839385541, "Emission": [0.0, 0.0, 0.0, 1.0], "Alpha": 1.0}