{"Base Color": [0.6171934538502022, 0.9063708706909311, 0.9128130987916665, 1.0], "Subsurface": 0.5386823133331438, "Subsurface Radius": [0.06004612838573942, 0.2909711066745272, 0.8481575633810726], "Subsurface Color": [0.16972560669776737, 0.5960719440212556, 0.014339891736783517, 1.0], "Metallic": 0.8256544365122186, "Specular": 0.00047187362566858404, "Specular Tint": 0.987326666153831, "Roughness": 0.5679002323657698, "Anisotropic": 0.949439663536227, "Anisotropic Rotation": 0.41352160690522843, "Sheen": 0.5313358714556247, "Sheen Tint": 0.32745768032403155, "Clearcoat": 0.39658913631010806, "Clearcout Roughness": 0.7382652672323637, "IOR": 1.45, "Transmission": 0.7290843851183351, "Transmission Roughness": 0.5366508867152232, "Emission": [0.0, 0.0, 0.0, 1.0], "Alpha": 1.0}