{"Base Color": [0.15382486820981467, 0.7837232168391776, 0.8374183370944708, 1.0], "Subsurface": 0.3740327187557132, "Subsurface Radius": [0.5643836309843797, 0.25712691978796975, 0.411552561443321], "Subsurface Color": [0.46067004650938015, 0.7176905363725153, 0.24881447349688723, 1.0], "Metallic": 0.36091991834915993, "Specular": 0.16197381925394405, "Specular Tint": 0.14260926045781275, "Roughness": 0.7620936567624884, "Anisotropic": 0.29753550935167916, "Anisotropic Rotation": 0.13484952686617258, "Sheen": 0.7463201467279655, "Sheen Tint": 0.6435423259718803, "Clearcoat": 0.36750508294357154, "Clearcout Roughness": 0.11292405471173317, "IOR": 1.45, "Transmission": 0.17492159785954564, "Transmission Roughness": 0.08916802589563855, "Emission": [0.0, 0.0, 0.0, 1.0], "Alpha": 1.0}