{"Base Color": [0.8073458679186403, 0.4013099523160093, 0.49897463212813775, 1.0], "Subsurface": 0.4467107590365197, "Subsurface Radius": [0.7035549924158013, 0.9292077496964603, 0.6525834976103225], "Subsurface Color": [0.8891610179054558, 0.9679943421033748, 0.8164492793416798, 1.0], "Metallic": 0.6742981436707215, "Specular": 0.4618208421561112, "Specular Tint": 0.44374796923759696, "Roughness": 0.8346179178604487, "Anisotropic": 0.9550187168709923, "Anisotropic Rotation": 0.8598586450015981, "Sheen": 0.8124677683139796, "Sheen Tint": 0.7802835553604436, "Clearcoat": 0.9559500540119518, "Clearcout Roughness": 0.7994390876819926, "IOR": 1.45, "Transmission": 0.4020375589566887, "Transmission Roughness": 0.58370055594206, "Emission": [0.0, 0.0, 0.0, 1.0], "Alpha": 1.0}