{"Base Color": [0.7685245216373803, 0.6744121156406121, 0.6550302867391122, 1.0], "Subsurface": 0.6447308902557575, "Subsurface Radius": [0.12326816619698111, 0.3345233317309656, 0.5831314611003856], "Subsurface Color": [0.42163706602025386, 0.8181426309476006, 0.975285760961407, 1.0], "Metallic": 0.11122568040434755, "Specular": 0.6504061462319483, "Specular Tint": 0.7756429541044696, "Roughness": 0.6951104645897955, "Anisotropic": 0.09154902507699092, "Anisotropic Rotation": 0.9546243539662417, "Sheen": 0.3454225132207236, "Sheen Tint": 0.05907327293865483, "Clearcoat": 0.5873494183235761, "Clearcout Roughness": 0.6123268492151276, "IOR": 1.45, "Transmission": 0.32329904859330094, "Transmission Roughness": 0.6338246503017821, "Emission": [0.0, 0.0, 0.0, 1.0], "Alpha": 1.0}