{"Base Color": [0.08302106031832857, 0.6996162358347079, 0.4539277645684846, 1.0], "Subsurface": 0.5784142691037079, "Subsurface Radius": [0.32704904197144935, 0.9845763918372024, 0.8655379868044183], "Subsurface Color": [0.433180509150187, 0.6712908078803498, 0.5292159999018726, 1.0], "Metallic": 0.741722146606131, "Specular": 0.770070238965974, "Specular Tint": 0.6753968285256816, "Roughness": 0.5515073373000675, "Anisotropic": 0.24080991938121865, "Anisotropic Rotation": 0.27372056153040514, "Sheen": 0.6769262882237268, "Sheen Tint": 0.45215118377081076, "Clearcoat": 0.3884256670134463, "Clearcout Roughness": 0.6430472855656157, "IOR": 1.45, "Transmission": 0.36896096934976497, "Transmission Roughness": 0.2695146665145024, "Emission": [0.0, 0.0, 0.0, 1.0], "Alpha": 1.0}