{"Base Color": [0.45879201484670384, 0.5768142169190397, 0.5171417024388935, 1.0], "Subsurface": 0.10941906736102314, "Subsurface Radius": [0.47710365397112253, 0.07202479726616196, 0.5306097314841223], "Subsurface Color": [0.9526181484403742, 0.38665239786866934, 0.7057201639641743, 1.0], "Metallic": 0.8132188166983805, "Specular": 0.7691615095128591, "Specular Tint": 0.2690477097450711, "Roughness": 0.37096168241324023, "Anisotropic": 0.36496754004205456, "Anisotropic Rotation": 0.34137906364249637, "Sheen": 0.5689564797783642, "Sheen Tint": 0.5947379825837095, "Clearcoat": 0.5007133924321456, "Clearcout Roughness": 0.41820682231417294, "IOR": 1.45, "Transmission": 0.018340357001602303, "Transmission Roughness": 0.4056837565970758, "Emission": [0.0, 0.0, 0.0, 1.0], "Alpha": 1.0}