{"Base Color": [0.843156514699919, 0.6499881103440716, 0.9729604520593772, 1.0], "Subsurface": 0.48055973884093683, "Subsurface Radius": [0.3091587872257604, 0.357269053370994, 0.26619384760099707], "Subsurface Color": [0.5720665180806835, 0.2586741695640401, 0.3349318720551726, 1.0], "Metallic": 0.5975296422767147, "Specular": 0.6958834613159909, "Specular Tint": 0.7289888911377289, "Roughness": 0.4518515874665747, "Anisotropic": 0.8678281055499475, "Anisotropic Rotation": 0.5089014864735087, "Sheen": 0.8237366305182878, "Sheen Tint": 0.09507728432751772, "Clearcoat": 0.7855004624849098, "Clearcout Roughness": 0.5308099837932103, "IOR": 1.45, "Transmission": 0.003051116975977375, "Transmission Roughness": 0.89230834710513, "Emission": [0.0, 0.0, 0.0, 1.0], "Alpha": 1.0}