{"Base Color": [0.12374522384064213, 0.7082754056427224, 0.6663338914923679, 1.0], "Subsurface": 0.7854068481868469, "Subsurface Radius": [0.05409417237649228, 0.3541686840499598, 0.6693908217495852], "Subsurface Color": [0.3216408131016919, 0.5922378923290958, 0.43631044757505, 1.0], "Metallic": 0.5535268957317038, "Specular": 0.06422388844439653, "Specular Tint": 0.467031961273627, "Roughness": 0.1429462280070537, "Anisotropic": 0.3795944659446935, "Anisotropic Rotation": 0.5575957527738052, "Sheen": 0.8901386711463781, "Sheen Tint": 0.4450554354890338, "Clearcoat": 0.8296437788454667, "Clearcout Roughness": 0.8373576877739207, "IOR": 1.45, "Transmission": 0.555916513471649, "Transmission Roughness": 0.0025698346238841596, "Emission": [0.0, 0.0, 0.0, 1.0], "Alpha": 1.0}