{"Base Color": [0.7864170459078456, 0.07761253453268102, 0.23016493643382996, 1.0], "Subsurface": 0.847171384642488, "Subsurface Radius": [0.012404468984667294, 0.6816057165090824, 0.006796122602550914], "Subsurface Color": [0.8467118399654753, 0.8904904795080322, 0.24412961996639926, 1.0], "Metallic": 0.9628028705672642, "Specular": 0.9632649964874075, "Specular Tint": 0.8479073240143103, "Roughness": 0.2362137704778613, "Anisotropic": 0.8208354216298928, "Anisotropic Rotation": 0.8836710915590403, "Sheen": 0.2391155441285776, "Sheen Tint": 0.18346184929924103, "Clearcoat": 0.5792615911246024, "Clearcout Roughness": 0.302981846365027, "IOR": 1.45, "Transmission": 0.026508110787813566, "Transmission Roughness": 0.35172477023623117, "Emission": [0.0, 0.0, 0.0, 1.0], "Alpha": 1.0}