{"Base Color": [0.7348916072833578, 0.34026177467114394, 0.6934315976582425, 1.0], "Subsurface": 0.7018651434437694, "Subsurface Radius": [0.2850008280090276, 0.019019645857580092, 0.32564607398418344], "Subsurface Color": [0.08753522424250593, 0.5978808071060294, 0.7485230236364235, 1.0], "Metallic": 0.9978912482048243, "Specular": 0.03456989438724789, "Specular Tint": 0.7107985864226909, "Roughness": 0.2254904080244693, "Anisotropic": 0.797164640573566, "Anisotropic Rotation": 0.12895082605073882, "Sheen": 0.7563536275790892, "Sheen Tint": 0.788192330270044, "Clearcoat": 0.610266659752739, "Clearcout Roughness": 0.06449294236902914, "IOR": 1.45, "Transmission": 0.06791250848532293, "Transmission Roughness": 0.05499854743698951, "Emission": [0.0, 0.0, 0.0, 1.0], "Alpha": 1.0}