{"Base Color": [0.24367634211501377, 0.05633253169385888, 0.8270375259655024, 1.0], "Subsurface": 0.7287432918554675, "Subsurface Radius": [0.9198369951595685, 0.1731364162166963, 0.7946569585593856], "Subsurface Color": [0.3094910017726601, 0.5567369698991441, 0.4178744085559398, 1.0], "Metallic": 0.7426901182250425, "Specular": 0.5757762988865738, "Specular Tint": 0.9372280572781707, "Roughness": 0.8084562362510193, "Anisotropic": 0.7965093874263378, "Anisotropic Rotation": 0.3119999312667948, "Sheen": 0.8327493911122055, "Sheen Tint": 0.5229872322811698, "Clearcoat": 0.6889486557070797, "Clearcout Roughness": 0.2594509782031946, "IOR": 1.45, "Transmission": 0.42737637281364405, "Transmission Roughness": 0.46265003908171465, "Emission": [0.0, 0.0, 0.0, 1.0], "Alpha": 1.0}