{"Base Color": [0.945797844068235, 0.7054630390386671, 0.0907486745516004, 1.0], "Subsurface": 0.9557068730729695, "Subsurface Radius": [0.7629335047301464, 0.3312415982178296, 0.3640983563444048], "Subsurface Color": [0.2806847262935559, 0.5931907376854184, 0.834249915052085, 1.0], "Metallic": 0.05038601207218274, "Specular": 0.4403859524036533, "Specular Tint": 0.2999754924609642, "Roughness": 0.3460363279685357, "Anisotropic": 0.6437558417052383, "Anisotropic Rotation": 0.7628443339362857, "Sheen": 0.8876346966693083, "Sheen Tint": 0.07688371129249627, "Clearcoat": 0.9801719267317475, "Clearcout Roughness": 0.1551965262236089, "IOR": 1.45, "Transmission": 0.7222409677854603, "Transmission Roughness": 0.22316652018416516, "Emission": [0.0, 0.0, 0.0, 1.0], "Alpha": 1.0}