{"Base Color": [0.6031854693881855, 0.5066480217523955, 0.776951045049893, 1.0], "Subsurface": 0.12832832959693474, "Subsurface Radius": [0.11727496026211837, 0.10891867593755067, 0.45965842377379607], "Subsurface Color": [0.524145592497194, 0.8000141074697803, 0.061304291518750276, 1.0], "Metallic": 0.23932524168777047, "Specular": 0.4562190084949055, "Specular Tint": 0.398188915817838, "Roughness": 0.8031764341063254, "Anisotropic": 0.37193949502122803, "Anisotropic Rotation": 0.43565663067223714, "Sheen": 0.2680055762373874, "Sheen Tint": 0.988253365583607, "Clearcoat": 0.27651155610360856, "Clearcout Roughness": 0.9344634976260187, "IOR": 1.45, "Transmission": 0.02838799322226382, "Transmission Roughness": 0.9867606619266168, "Emission": [0.0, 0.0, 0.0, 1.0], "Alpha": 1.0}