{"Base Color": [0.5022014613994388, 0.9443277040114066, 0.7837249673263753, 1.0], "Subsurface": 0.4650701719838083, "Subsurface Radius": [0.21584163636161413, 0.6280483542449842, 0.7496715768016737], "Subsurface Color": [0.6332834010992656, 0.5291271160462697, 0.11790070054417301, 1.0], "Metallic": 0.1863980957716712, "Specular": 0.47120482288867027, "Specular Tint": 0.496838210401647, "Roughness": 0.20746503411945305, "Anisotropic": 0.2065674045042628, "Anisotropic Rotation": 0.3444450069154753, "Sheen": 0.9085339011784421, "Sheen Tint": 0.220086239913577, "Clearcoat": 0.4261807686275261, "Clearcout Roughness": 0.436879837130966, "IOR": 1.45, "Transmission": 0.8337645572811574, "Transmission Roughness": 0.547844574104158, "Emission": [0.0, 0.0, 0.0, 1.0], "Alpha": 1.0}