{"Base Color": [0.34756199363270524, 0.7595863436568608, 0.7217758482931869, 1.0], "Subsurface": 0.5275344545066448, "Subsurface Radius": [0.8399255817690882, 0.09519313953439068, 0.1266492556975819], "Subsurface Color": [0.6753855899197764, 0.46130043499613305, 0.8408346627201381, 1.0], "Metallic": 0.5966006700160416, "Specular": 0.8402664311719282, "Specular Tint": 0.09791161638084933, "Roughness": 0.16467956334362777, "Anisotropic": 0.14978617028886732, "Anisotropic Rotation": 0.5192049263169686, "Sheen": 0.802764908297569, "Sheen Tint": 0.8961620064351952, "Clearcoat": 0.15624235042715362, "Clearcout Roughness": 0.18685491306781488, "IOR": 1.45, "Transmission": 0.025904057813639136, "Transmission Roughness": 0.7221052145994615, "Emission": [0.0, 0.0, 0.0, 1.0], "Alpha": 1.0}