{"Base Color": [0.6440141148850029, 0.5145448563681708, 0.6797471328654366, 1.0], "Subsurface": 0.6560089220487876, "Subsurface Radius": [0.9242197185675668, 0.567310849179533, 0.5817134411050905], "Subsurface Color": [0.5113300711133049, 0.17653312481001993, 0.4385944536543416, 1.0], "Metallic": 0.15608984871149667, "Specular": 0.5598673911353098, "Specular Tint": 0.8104121158091687, "Roughness": 0.8855180498633346, "Anisotropic": 0.3550226665447985, "Anisotropic Rotation": 0.9304468011829098, "Sheen": 0.015683345794950898, "Sheen Tint": 0.6975310939148853, "Clearcoat": 0.6638767588123524, "Clearcout Roughness": 0.5008962779327784, "IOR": 1.45, "Transmission": 0.5454544843158927, "Transmission Roughness": 0.9537935829853496, "Emission": [0.0, 0.0, 0.0, 1.0], "Alpha": 1.0}