{"Base Color": [0.43548732591517825, 0.06842592534599223, 0.2822153510852774, 1.0], "Subsurface": 0.9921151987624353, "Subsurface Radius": [0.16277421977025586, 0.6329160116740239, 0.9034548788899972], "Subsurface Color": [0.8747248634600138, 0.3812401306859078, 0.8044098711996907, 1.0], "Metallic": 0.8881239906367863, "Specular": 0.9914882248824723, "Specular Tint": 0.49598484341741944, "Roughness": 0.6060257459286883, "Anisotropic": 0.5357103665402609, "Anisotropic Rotation": 0.4582483662279756, "Sheen": 0.7780926305992587, "Sheen Tint": 0.6949187943873383, "Clearcoat": 0.6482608167765094, "Clearcout Roughness": 0.06677564862521079, "IOR": 1.45, "Transmission": 0.3212531622850491, "Transmission Roughness": 0.40237537638518717, "Emission": [0.0, 0.0, 0.0, 1.0], "Alpha": 1.0}