{"Base Color": [0.17454507298464006, 0.2207759663953579, 0.3768900883081352, 1.0], "Subsurface": 0.34258795554907306, "Subsurface Radius": [0.14167374650850506, 0.17361373677493674, 0.19132826965920469], "Subsurface Color": [0.7809574433159119, 0.7260341435369011, 0.2949012188583907, 1.0], "Metallic": 0.3907069488312882, "Specular": 0.07812983457113654, "Specular Tint": 0.5703126601693321, "Roughness": 0.9800575135855455, "Anisotropic": 0.7608721194971079, "Anisotropic Rotation": 0.9630237671065028, "Sheen": 0.6083580719058551, "Sheen Tint": 0.043451885000928114, "Clearcoat": 0.7930944922823678, "Clearcout Roughness": 0.8101202829076029, "IOR": 1.45, "Transmission": 0.7554487945702626, "Transmission Roughness": 0.4623409363578763, "Emission": [0.0, 0.0, 0.0, 1.0], "Alpha": 1.0}