{"Base Color": [0.7974840518036715, 0.9705700137521001, 0.12951541585012472, 1.0], "Subsurface": 0.21235449587474686, "Subsurface Radius": [0.7860274366066444, 0.6271250893622361, 0.6922602897391841], "Subsurface Color": [0.8441804631876582, 0.1077251888837788, 0.5334386694514048, 1.0], "Metallic": 0.6832673722632537, "Specular": 0.8128441324957156, "Specular Tint": 0.639355196582461, "Roughness": 0.6203570591011237, "Anisotropic": 0.8765339402265349, "Anisotropic Rotation": 0.2966538971092426, "Sheen": 0.30287897580537493, "Sheen Tint": 0.5903871181092576, "Clearcoat": 0.5245148838051931, "Clearcout Roughness": 0.10153216519391628, "IOR": 1.45, "Transmission": 0.3738356093353805, "Transmission Roughness": 0.21125045776029272, "Emission": [0.0, 0.0, 0.0, 1.0], "Alpha": 1.0}