{"Base Color": [0.3677745225691019, 0.4301770090873821, 0.6410985739690029, 1.0], "Subsurface": 0.3344944647439544, "Subsurface Radius": [0.9065179236884293, 0.8474324947092906, 0.052664044629606055], "Subsurface Color": [0.9747898308372588, 0.7027658196299861, 0.3929126592294523, 1.0], "Metallic": 0.9327774087303015, "Specular": 0.3405150516110105, "Specular Tint": 0.042654265140460335, "Roughness": 0.9169200691757262, "Anisotropic": 0.21852723642955096, "Anisotropic Rotation": 0.514567367907489, "Sheen": 0.7496509858296567, "Sheen Tint": 0.13102296063113006, "Clearcoat": 0.30422675551163914, "Clearcout Roughness": 0.41843040482176785, "IOR": 1.45, "Transmission": 0.972009969141442, "Transmission Roughness": 0.7075298336595501, "Emission": [0.0, 0.0, 0.0, 1.0], "Alpha": 1.0}