{"Base Color": [0.5990142789449034, 0.16300513684713014, 0.6083910655340796, 1.0], "Subsurface": 0.10404034813494922, "Subsurface Radius": [0.6094341056860467, 0.854372161193147, 0.31488967770586795], "Subsurface Color": [0.7838748233706347, 0.3429305172119974, 0.0152679259786076, 1.0], "Metallic": 0.4950186198730422, "Specular": 0.3929735752204224, "Specular Tint": 0.5387715273829904, "Roughness": 0.6346807074228458, "Anisotropic": 0.5375482093186413, "Anisotropic Rotation": 0.8444391392657478, "Sheen": 0.29495528868520005, "Sheen Tint": 0.6836180525380904, "Clearcoat": 0.27297823830937185, "Clearcout Roughness": 0.13821484312455268, "IOR": 1.45, "Transmission": 0.6825914478670176, "Transmission Roughness": 0.17545473063482264, "Emission": [0.0, 0.0, 0.0, 1.0], "Alpha": 1.0}