{"Base Color": [0.8643194697445978, 0.47623148825083994, 0.3164999143957389, 1.0], "Subsurface": 0.39071684689172026, "Subsurface Radius": [0.702975784022971, 0.627081471586113, 0.4317448994276605], "Subsurface Color": [0.2869217237367442, 0.8047981144549377, 0.7529057320987481, 1.0], "Metallic": 0.15953716392855732, "Specular": 0.42798420256809044, "Specular Tint": 0.9546175239050679, "Roughness": 0.2655649743580809, "Anisotropic": 0.1696707197537768, "Anisotropic Rotation": 0.28614322877991905, "Sheen": 0.9269011890454565, "Sheen Tint": 0.2628412249144214, "Clearcoat": 0.2868344958991972, "Clearcout Roughness": 0.335274166384234, "IOR": 1.45, "Transmission": 0.9322618536540551, "Transmission Roughness": 0.24871933379557243, "Emission": [0.0, 0.0, 0.0, 1.0], "Alpha": 1.0}