{"Base Color": [0.44700525139666736, 0.4113732797197931, 0.36212833821155155, 1.0], "Subsurface": 0.29454309364526166, "Subsurface Radius": [0.7873714763653066, 0.6186251616300702, 0.015820790436677612], "Subsurface Color": [0.3735273774070851, 0.8476402589130624, 0.17856999318739186, 1.0], "Metallic": 0.4718976820246791, "Specular": 0.07122605278659377, "Specular Tint": 0.8209293856457794, "Roughness": 0.7931019097053038, "Anisotropic": 0.2720522951444666, "Anisotropic Rotation": 0.5975282145191874, "Sheen": 0.20009436058154828, "Sheen Tint": 0.8702606895945698, "Clearcoat": 0.6503845168920888, "Clearcout Roughness": 0.4257090403002539, "IOR": 1.45, "Transmission": 0.5895876212382433, "Transmission Roughness": 0.017802240169059624, "Emission": [0.0, 0.0, 0.0, 1.0], "Alpha": 1.0}