{"Base Color": [0.008333399272141162, 0.4226262956983867, 0.966158347471584, 1.0], "Subsurface": 0.9279101204182982, "Subsurface Radius": [0.4959704749592987, 0.5098146771783737, 0.9732646480468621], "Subsurface Color": [0.2979265791600476, 0.178554111486109, 0.057840537556152705, 1.0], "Metallic": 0.3286717876800481, "Specular": 0.7690694355227442, "Specular Tint": 0.432402853678308, "Roughness": 0.6578502804598538, "Anisotropic": 0.6321242110614577, "Anisotropic Rotation": 0.21725751827611606, "Sheen": 0.3363103744112119, "Sheen Tint": 0.546176503700779, "Clearcoat": 0.7153017276974433, "Clearcout Roughness": 0.5354436548003126, "IOR": 1.45, "Transmission": 0.15150223541848695, "Transmission Roughness": 0.4382792247742636, "Emission": [0.0, 0.0, 0.0, 1.0], "Alpha": 1.0}