{"Base Color": [0.2640653034650613, 0.22633156243231056, 0.5757367294829847, 1.0], "Subsurface": 0.1188682046915851, "Subsurface Radius": [0.9706739350149176, 0.4875071858372735, 0.4933884617196693], "Subsurface Color": [0.992634537582033, 0.9514536793437168, 0.6991250797997027, 1.0], "Metallic": 0.20317043710340987, "Specular": 0.9866707989505227, "Specular Tint": 0.48644957895679564, "Roughness": 0.7143558436608282, "Anisotropic": 0.6549033372688982, "Anisotropic Rotation": 0.7231442279843071, "Sheen": 0.7089563000093773, "Sheen Tint": 0.10538337657268859, "Clearcoat": 0.0563091350712438, "Clearcout Roughness": 0.8078644154358388, "IOR": 1.45, "Transmission": 0.6821438592854827, "Transmission Roughness": 0.853145503176802, "Emission": [0.0, 0.0, 0.0, 1.0], "Alpha": 1.0}