{"Base Color": [0.14001955058826387, 0.7934725990897885, 0.3005965561211552, 1.0], "Subsurface": 0.8925872864978724, "Subsurface Radius": [0.3034296336975595, 0.7882563974532402, 0.5510026980441666], "Subsurface Color": [0.9044892286649544, 0.8903310281073267, 0.3510166881708894, 1.0], "Metallic": 0.9368600688649452, "Specular": 0.47277844926585266, "Specular Tint": 0.0011861110397788366, "Roughness": 0.1281209823619479, "Anisotropic": 0.8926486743547906, "Anisotropic Rotation": 0.4703314311512794, "Sheen": 0.9609372279410687, "Sheen Tint": 0.470946356093893, "Clearcoat": 0.6279958968878303, "Clearcout Roughness": 0.6652393243157303, "IOR": 1.45, "Transmission": 0.562553959027172, "Transmission Roughness": 0.6790779894285144, "Emission": [0.0, 0.0, 0.0, 1.0], "Alpha": 1.0}