{"Base Color": [0.5502791966694405, 0.9002417469648967, 0.09874312988695788, 1.0], "Subsurface": 0.42366344086691465, "Subsurface Radius": [0.8543175793940496, 0.738802765456858, 0.9903743015880341], "Subsurface Color": [0.7647486426886186, 0.25430748882400367, 0.07764521110203182, 1.0], "Metallic": 0.9851055966620229, "Specular": 0.3801319506305364, "Specular Tint": 0.2902509525617425, "Roughness": 0.19688087960229728, "Anisotropic": 0.35803601919296246, "Anisotropic Rotation": 0.25665742183050144, "Sheen": 0.6066773263503025, "Sheen Tint": 0.6892988989669994, "Clearcoat": 0.9807522926488019, "Clearcout Roughness": 0.6792822974003478, "IOR": 1.45, "Transmission": 0.9709232252581863, "Transmission Roughness": 0.1369018345990024, "Emission": [0.0, 0.0, 0.0, 1.0], "Alpha": 1.0}