{"Base Color": [0.205890819044109, 0.7288995191137325, 0.2640191930074097, 1.0], "Subsurface": 0.9750216943421017, "Subsurface Radius": [0.3248667076955435, 0.45371109596681614, 0.7579203618193989], "Subsurface Color": [0.7897719764241793, 0.5318914643924217, 0.2528280683646488, 1.0], "Metallic": 0.538195775793051, "Specular": 0.5578497301009983, "Specular Tint": 0.3058872927507559, "Roughness": 0.6585918803350161, "Anisotropic": 0.43232468676884483, "Anisotropic Rotation": 0.01848871565485588, "Sheen": 0.6222088891215369, "Sheen Tint": 0.8421843936936529, "Clearcoat": 0.4457339862022933, "Clearcout Roughness": 0.5365120678167298, "IOR": 1.45, "Transmission": 0.3817513244449807, "Transmission Roughness": 0.3645273458553263, "Emission": [0.0, 0.0, 0.0, 1.0], "Alpha": 1.0}