{"Base Color": [0.7427619225446369, 0.6294354210786738, 0.6453786137009478, 1.0], "Subsurface": 0.9437664890767731, "Subsurface Radius": [0.9205425111567316, 0.20050721901471713, 0.9078124196027378], "Subsurface Color": [0.3482045569196498, 0.4424862178891462, 0.5313508043882018, 1.0], "Metallic": 0.574684596662157, "Specular": 0.347542477486146, "Specular Tint": 0.3250972759251338, "Roughness": 0.4247848409959428, "Anisotropic": 0.39692159389796133, "Anisotropic Rotation": 0.6618984648175652, "Sheen": 0.46316648008135364, "Sheen Tint": 0.5865931233504948, "Clearcoat": 0.39510939038051407, "Clearcout Roughness": 0.18817090288975746, "IOR": 1.45, "Transmission": 0.9087631832782674, "Transmission Roughness": 0.6361787832945072, "Emission": [0.0, 0.0, 0.0, 1.0], "Alpha": 1.0}