{"Base Color": [0.5041302240961972, 0.1055748513494178, 0.32409916122562743, 1.0], "Subsurface": 0.7105096565770974, "Subsurface Radius": [0.25638125359427866, 0.2339156005066383, 0.2315335104826589], "Subsurface Color": [0.4714225158733205, 0.1370745562191813, 0.17746195941531007, 1.0], "Metallic": 0.40803609981749145, "Specular": 0.5263243814152274, "Specular Tint": 0.22685480549320391, "Roughness": 0.6737389222961732, "Anisotropic": 0.6150949675930496, "Anisotropic Rotation": 0.4073552895731869, "Sheen": 0.5762083907045656, "Sheen Tint": 0.4937389326906376, "Clearcoat": 0.013257319289972869, "Clearcout Roughness": 0.20825522480561942, "IOR": 1.45, "Transmission": 0.029815229977194657, "Transmission Roughness": 0.027950034893541198, "Emission": [0.0, 0.0, 0.0, 1.0], "Alpha": 1.0}