{"Base Color": [0.2349356031013763, 0.6953397389830875, 0.2108817837348752, 1.0], "Subsurface": 0.7980248252902946, "Subsurface Radius": [0.1642216622654138, 0.36676243276170095, 0.3093962955781262], "Subsurface Color": [0.19065333269238738, 0.05481204552474306, 0.0761009418815406, 1.0], "Metallic": 0.35243523375520347, "Specular": 0.5552922039884667, "Specular Tint": 0.7417048068679095, "Roughness": 0.8616839822200894, "Anisotropic": 0.9974451456881829, "Anisotropic Rotation": 0.12781058347592766, "Sheen": 0.9038035674967975, "Sheen Tint": 0.04067426708689936, "Clearcoat": 0.6788015556972165, "Clearcout Roughness": 0.4673869997396861, "IOR": 1.45, "Transmission": 0.5789073741665569, "Transmission Roughness": 0.2008872954791583, "Emission": [0.0, 0.0, 0.0, 1.0], "Alpha": 1.0}