{"Base Color": [0.833061753559077, 0.6407619667719117, 0.6716589199481074, 1.0], "Subsurface": 0.25209119203613084, "Subsurface Radius": [0.5191926672788544, 0.9389071267063065, 0.2820628953640161], "Subsurface Color": [0.1393138890018022, 0.8311231245327717, 0.015367284591289332, 1.0], "Metallic": 0.40703090918209717, "Specular": 0.16216787982790626, "Specular Tint": 0.6208081855361197, "Roughness": 0.8939555721497541, "Anisotropic": 0.4964507652717187, "Anisotropic Rotation": 0.3744376355924651, "Sheen": 0.8983924150517022, "Sheen Tint": 0.9650592332691024, "Clearcoat": 0.8336541122099462, "Clearcout Roughness": 0.16428761135465686, "IOR": 1.45, "Transmission": 0.7823532042622676, "Transmission Roughness": 0.08135834419444243, "Emission": [0.0, 0.0, 0.0, 1.0], "Alpha": 1.0}