{"Base Color": [0.9425735252640017, 0.7150502220740079, 0.805068535113513, 1.0], "Subsurface": 0.12506517404921969, "Subsurface Radius": [0.5614665528083509, 0.4973389760145476, 0.7099334195034693], "Subsurface Color": [0.6117502569877765, 0.8905965648103603, 0.45794326486512194, 1.0], "Metallic": 0.7245101010477475, "Specular": 0.7289699676605551, "Specular Tint": 0.24894715324233896, "Roughness": 0.415911708703421, "Anisotropic": 0.6157793235828316, "Anisotropic Rotation": 0.38675279838626964, "Sheen": 0.31771074816415545, "Sheen Tint": 0.27124905967935264, "Clearcoat": 0.04947796295732454, "Clearcout Roughness": 0.8522322601932819, "IOR": 1.45, "Transmission": 0.1899373104718859, "Transmission Roughness": 0.6938047509114785, "Emission": [0.0, 0.0, 0.0, 1.0], "Alpha": 1.0}