{"Base Color": [0.9099220741445528, 0.551224184617435, 0.7545207840755678, 1.0], "Subsurface": 0.5754730004942127, "Subsurface Radius": [0.04662182763576517, 0.8369764497184942, 0.252185376250025], "Subsurface Color": [0.09436553575110951, 0.4956113708522284, 0.7305693782859283, 1.0], "Metallic": 0.027727704937643982, "Specular": 0.4169142619508618, "Specular Tint": 0.4007607908197559, "Roughness": 0.20915311544656423, "Anisotropic": 0.1287030415159094, "Anisotropic Rotation": 0.6339553803507851, "Sheen": 0.5388379424660216, "Sheen Tint": 0.819922576786634, "Clearcoat": 0.09346486725452507, "Clearcout Roughness": 0.15422829216249834, "IOR": 1.45, "Transmission": 0.31038365149989255, "Transmission Roughness": 0.12346100983440189, "Emission": [0.0, 0.0, 0.0, 1.0], "Alpha": 1.0}