{"Base Color": [0.5158184991755851, 0.6865468596488572, 0.8870507361585331, 1.0], "Subsurface": 0.8225829539970776, "Subsurface Radius": [0.45146153585874216, 0.9141864693448047, 0.7159502302156087], "Subsurface Color": [0.9201254429853105, 0.4625710400257188, 0.08799547154931553, 1.0], "Metallic": 0.42209823233179244, "Specular": 0.9164522072277461, "Specular Tint": 0.48024896980774767, "Roughness": 0.8518787323604157, "Anisotropic": 0.39354136226681813, "Anisotropic Rotation": 0.7666494597081089, "Sheen": 0.06658312252264875, "Sheen Tint": 0.8937973756732012, "Clearcoat": 0.1814047538418292, "Clearcout Roughness": 0.3723831402699851, "IOR": 1.45, "Transmission": 0.881921624306076, "Transmission Roughness": 0.13296570253641504, "Emission": [0.0, 0.0, 0.0, 1.0], "Alpha": 1.0}