{"Base Color": [0.7338052959245406, 0.4199786846495963, 0.8657683263040676, 1.0], "Subsurface": 0.4769587054795068, "Subsurface Radius": [0.7615824089585773, 0.25888676811712497, 0.8132934328189935], "Subsurface Color": [0.6416947908707179, 0.3261188801138496, 0.31839453520807404, 1.0], "Metallic": 0.21895640044404485, "Specular": 0.8071717178201685, "Specular Tint": 0.29061013973427574, "Roughness": 0.02174802799322817, "Anisotropic": 0.457009251842329, "Anisotropic Rotation": 0.9118662219869658, "Sheen": 0.2602660531262433, "Sheen Tint": 0.49259678612582936, "Clearcoat": 0.49889172419697103, "Clearcout Roughness": 0.4156413328509988, "IOR": 1.45, "Transmission": 0.15184006062256927, "Transmission Roughness": 0.8490957004273018, "Emission": [0.0, 0.0, 0.0, 1.0], "Alpha": 1.0}