{"Base Color": [0.5520784611643176, 0.3959770683352499, 0.21744741413892632, 1.0], "Subsurface": 0.11424770110875904, "Subsurface Radius": [0.11888950952902855, 0.0011306045590638858, 0.29808572431594904], "Subsurface Color": [0.6149678066486832, 0.2661050252981352, 0.9026439312434883, 1.0], "Metallic": 0.048284384416894754, "Specular": 0.7925460252340721, "Specular Tint": 0.9214652550569736, "Roughness": 0.6365166593048464, "Anisotropic": 0.316972767568626, "Anisotropic Rotation": 0.8286612420482359, "Sheen": 0.15674325976871206, "Sheen Tint": 0.22602951355289969, "Clearcoat": 0.01571774775611945, "Clearcout Roughness": 0.9124770571614765, "IOR": 1.45, "Transmission": 0.014975871272650654, "Transmission Roughness": 0.7244330162128739, "Emission": [0.0, 0.0, 0.0, 1.0], "Alpha": 1.0}