{"Base Color": [0.6272791417147521, 0.7922483537210533, 0.3788457438641304, 1.0], "Subsurface": 0.15312625558827375, "Subsurface Radius": [0.9876754652098665, 0.18151390754022012, 0.695177869368456], "Subsurface Color": [0.01066340256620879, 0.8208340368555685, 0.0995455870343539, 1.0], "Metallic": 0.4407854149814229, "Specular": 0.6853465751584741, "Specular Tint": 0.8844137924185483, "Roughness": 0.882072615568684, "Anisotropic": 0.8382020333592771, "Anisotropic Rotation": 0.7160900765743118, "Sheen": 0.48385149064802024, "Sheen Tint": 0.5226525996733089, "Clearcoat": 0.5447414323897474, "Clearcout Roughness": 0.3265867081086933, "IOR": 1.45, "Transmission": 0.8248738069466391, "Transmission Roughness": 0.052151038780908765, "Emission": [0.0, 0.0, 0.0, 1.0], "Alpha": 1.0}