{"Base Color": [0.8321922249054869, 0.006009209047644459, 0.24824780919237965, 1.0], "Subsurface": 0.1937754088232041, "Subsurface Radius": [0.19088644925641163, 0.0844378459150531, 0.9410971127930364], "Subsurface Color": [0.02293869789142744, 0.2079805854151342, 0.19958879865836576, 1.0], "Metallic": 0.7693829156600952, "Specular": 0.8135879632534259, "Specular Tint": 0.43098850532772104, "Roughness": 0.5678528694960936, "Anisotropic": 0.4883303808095656, "Anisotropic Rotation": 0.01378056555948104, "Sheen": 0.14274354459383487, "Sheen Tint": 0.9615706956836649, "Clearcoat": 0.9511949072029473, "Clearcout Roughness": 0.48712259774745836, "IOR": 1.45, "Transmission": 0.43246598585736695, "Transmission Roughness": 0.042127193703556554, "Emission": [0.0, 0.0, 0.0, 1.0], "Alpha": 1.0}