{"Base Color": [0.046784263056471764, 0.115527340611148, 0.9287316012916405, 1.0], "Subsurface": 0.5054839565300012, "Subsurface Radius": [0.6194907675709953, 0.4523604834361623, 0.0427544728748257], "Subsurface Color": [0.8876014043288358, 0.9046230681391283, 0.31992188981004555, 1.0], "Metallic": 0.5476124646781089, "Specular": 0.10341862066851659, "Specular Tint": 0.043252235375322634, "Roughness": 0.9132297992852815, "Anisotropic": 0.4700869927200928, "Anisotropic Rotation": 0.2936361998505568, "Sheen": 0.9667563774228762, "Sheen Tint": 0.1301315468692037, "Clearcoat": 0.9456765343095855, "Clearcout Roughness": 0.7692469422938814, "IOR": 1.45, "Transmission": 0.3832724258987096, "Transmission Roughness": 0.41447412267338124, "Emission": [0.0, 0.0, 0.0, 1.0], "Alpha": 1.0}