{"Base Color": [0.2833624481945941, 0.5736690583378691, 0.9730342293788139, 1.0], "Subsurface": 0.023611552482899034, "Subsurface Radius": [0.18734530443268782, 0.1370535138637463, 0.3124498569895534], "Subsurface Color": [0.15267376231098395, 0.06652649916511033, 0.3043253208629271, 1.0], "Metallic": 0.4580957576815191, "Specular": 0.993681363184775, "Specular Tint": 0.8208538181874625, "Roughness": 0.9858487301818473, "Anisotropic": 0.06618297934173689, "Anisotropic Rotation": 0.6317823819407288, "Sheen": 0.29955589265008076, "Sheen Tint": 0.9461570191838247, "Clearcoat": 0.6527808141248913, "Clearcout Roughness": 0.034912525738802214, "IOR": 1.45, "Transmission": 0.333429796246393, "Transmission Roughness": 0.5043551996129243, "Emission": [0.0, 0.0, 0.0, 1.0], "Alpha": 1.0}