{"Base Color": [0.7910905531372326, 0.6578665455075556, 0.8501138397867973, 1.0], "Subsurface": 0.6977907721233745, "Subsurface Radius": [0.9870393281932285, 0.9528053355781224, 0.7324403094288465], "Subsurface Color": [0.8736446008500008, 0.3274223681654712, 0.3462257868858363, 1.0], "Metallic": 0.41851767264293716, "Specular": 0.3633471523215889, "Specular Tint": 0.8438982852226113, "Roughness": 0.7612030095965542, "Anisotropic": 0.5967873801375871, "Anisotropic Rotation": 0.11050325035629915, "Sheen": 0.4092849319678916, "Sheen Tint": 0.29547174223561556, "Clearcoat": 0.5435854201801746, "Clearcout Roughness": 0.4331431471348285, "IOR": 1.45, "Transmission": 0.61263267471481, "Transmission Roughness": 0.8614757115412861, "Emission": [0.0, 0.0, 0.0, 1.0], "Alpha": 1.0}