{"Base Color": [0.7820613394824685, 0.5412149714915993, 0.953230979797225, 1.0], "Subsurface": 0.3156377314778347, "Subsurface Radius": [0.23372339295780808, 0.9524088522449791, 0.02658949451910686], "Subsurface Color": [0.013060333631513932, 0.27628028931055015, 0.9422424914479733, 1.0], "Metallic": 0.7926158040822106, "Specular": 0.8843781082605228, "Specular Tint": 0.6415855961752813, "Roughness": 0.6996693274886027, "Anisotropic": 0.18508957307331408, "Anisotropic Rotation": 0.25273178451724576, "Sheen": 0.0007470397545282781, "Sheen Tint": 0.1367626643241383, "Clearcoat": 0.7330522236059125, "Clearcout Roughness": 0.13947742901053983, "IOR": 1.45, "Transmission": 0.15919747594797162, "Transmission Roughness": 0.8304377295406403, "Emission": [0.0, 0.0, 0.0, 1.0], "Alpha": 1.0}