{"Base Color": [0.9838139796298296, 0.2618371714256226, 0.22822870471597412, 1.0], "Subsurface": 0.27924589910892517, "Subsurface Radius": [0.9609429893170643, 0.4428569932016121, 0.9107834208536312], "Subsurface Color": [0.8410019410787393, 0.5163084770338657, 0.03978579421966677, 1.0], "Metallic": 0.4469660320114125, "Specular": 0.8436328740947886, "Specular Tint": 0.9360571544969342, "Roughness": 0.23473720433781908, "Anisotropic": 0.681894143622335, "Anisotropic Rotation": 0.050243490946612845, "Sheen": 0.6633038790985233, "Sheen Tint": 0.138734357266999, "Clearcoat": 0.6799090985417203, "Clearcout Roughness": 0.9783010934195062, "IOR": 1.45, "Transmission": 0.4771487938318941, "Transmission Roughness": 0.8226286129456064, "Emission": [0.0, 0.0, 0.0, 1.0], "Alpha": 1.0}