{"Base Color": [0.18230790010499387, 0.7199949520455766, 0.17087554559379237, 1.0], "Subsurface": 0.8798889838373417, "Subsurface Radius": [0.4315036790268494, 0.8185915419388514, 0.7439188682349943], "Subsurface Color": [0.9981773038661391, 0.012917858420260386, 0.2583881830816702, 1.0], "Metallic": 0.8151646961692538, "Specular": 0.15716772994948325, "Specular Tint": 0.1094235482802508, "Roughness": 0.5429191419287468, "Anisotropic": 0.6568231372544567, "Anisotropic Rotation": 0.3123243588055431, "Sheen": 0.038419252312293484, "Sheen Tint": 0.9757830594181155, "Clearcoat": 0.09386591968919478, "Clearcout Roughness": 0.4900603054858079, "IOR": 1.45, "Transmission": 0.984661764268882, "Transmission Roughness": 0.5543939076112611, "Emission": [0.0, 0.0, 0.0, 1.0], "Alpha": 1.0}