{"Base Color": [0.31907687892732783, 0.014557528722913049, 0.758028552183733, 1.0], "Subsurface": 0.9693854263432179, "Subsurface Radius": [0.2170424819495428, 0.2924725675408537, 0.07432908130334182], "Subsurface Color": [0.36257046844806584, 0.3823036484343464, 0.3085516454240451, 1.0], "Metallic": 0.03655814601612639, "Specular": 0.6141142906722151, "Specular Tint": 0.33993421273232005, "Roughness": 0.2542894276466424, "Anisotropic": 0.5439989575649639, "Anisotropic Rotation": 0.7498503836049516, "Sheen": 0.9492560620198922, "Sheen Tint": 0.028991008880278057, "Clearcoat": 0.8790098290585463, "Clearcout Roughness": 0.14652517037376567, "IOR": 1.45, "Transmission": 0.32375109845074923, "Transmission Roughness": 0.18487761324759444, "Emission": [0.0, 0.0, 0.0, 1.0], "Alpha": 1.0}