{"Base Color": [0.8723194953259509, 0.7154740378578567, 0.788155566544931, 1.0], "Subsurface": 0.3835279823413955, "Subsurface Radius": [0.365888526245035, 0.6317557443978958, 0.9181979446933465], "Subsurface Color": [0.6051152791534601, 0.2962862132243922, 0.37068573119985704, 1.0], "Metallic": 0.022882796950808637, "Specular": 0.7855119659134274, "Specular Tint": 0.5450315977450599, "Roughness": 0.6130717932917226, "Anisotropic": 0.9298881524523582, "Anisotropic Rotation": 0.3063463863928363, "Sheen": 0.8705157821065646, "Sheen Tint": 0.7657475893031146, "Clearcoat": 0.9000845460933968, "Clearcout Roughness": 0.06546975822712342, "IOR": 1.45, "Transmission": 0.2602935910350789, "Transmission Roughness": 0.9699102063323416, "Emission": [0.0, 0.0, 0.0, 1.0], "Alpha": 1.0}