{"Base Color": [0.0970240741074877, 0.7648152974134731, 0.4280566138831535, 1.0], "Subsurface": 0.03453394990852632, "Subsurface Radius": [0.6755811272066484, 0.3240042244029363, 0.21994683603917964], "Subsurface Color": [0.9638792513117697, 0.04415837639471232, 0.3022376985324582, 1.0], "Metallic": 0.4898884270735189, "Specular": 0.9195215253797946, "Specular Tint": 0.6771054807736184, "Roughness": 0.5054006443194408, "Anisotropic": 0.5433366944242211, "Anisotropic Rotation": 0.9069327874134164, "Sheen": 0.3356250762988251, "Sheen Tint": 0.2603821450820415, "Clearcoat": 0.26768268582661414, "Clearcout Roughness": 0.7553071332417133, "IOR": 1.45, "Transmission": 0.07240274664931967, "Transmission Roughness": 0.9355512047420814, "Emission": [0.0, 0.0, 0.0, 1.0], "Alpha": 1.0}