{"Base Color": [0.5831287326986238, 0.371318891669689, 0.22313062777417525, 1.0], "Subsurface": 0.8341599641996978, "Subsurface Radius": [0.07007939377430894, 0.10639698255973451, 0.4703711622745572], "Subsurface Color": [0.18201941437226743, 0.03447466840071012, 0.5070534816517246, 1.0], "Metallic": 0.4127691402499929, "Specular": 0.4321098037245158, "Specular Tint": 0.012820115810202592, "Roughness": 0.6127328444282234, "Anisotropic": 0.1537085648839529, "Anisotropic Rotation": 0.18654155153271834, "Sheen": 0.5061797099308707, "Sheen Tint": 0.3842360922250657, "Clearcoat": 0.18675826232873716, "Clearcout Roughness": 0.8158305031982028, "IOR": 1.45, "Transmission": 0.502262737119409, "Transmission Roughness": 0.576286630199047, "Emission": [0.0, 0.0, 0.0, 1.0], "Alpha": 1.0}