{"Base Color": [0.3227235489291602, 0.35217127377400936, 0.19198502316196553, 1.0], "Subsurface": 0.6407423965890943, "Subsurface Radius": [0.43426701336022067, 0.8495094154725159, 0.9616546971202928], "Subsurface Color": [0.5004302720867384, 0.853223518940929, 0.3810828217028236, 1.0], "Metallic": 0.6635611147637206, "Specular": 0.5724410973965953, "Specular Tint": 0.9428817875331738, "Roughness": 0.09350845825187715, "Anisotropic": 0.1362880543876096, "Anisotropic Rotation": 0.014867162735702655, "Sheen": 0.5229272058044697, "Sheen Tint": 0.29344834233131023, "Clearcoat": 0.3191238421040604, "Clearcout Roughness": 0.6719754634659613, "IOR": 1.45, "Transmission": 0.42325562028379526, "Transmission Roughness": 0.7948040971857332, "Emission": [0.0, 0.0, 0.0, 1.0], "Alpha": 1.0}