{"Base Color": [0.06618073071331021, 0.20753780330719862, 0.5622686830636824, 1.0], "Subsurface": 0.922342794086687, "Subsurface Radius": [0.6917607304721201, 0.18673076053039894, 0.11479687171381237], "Subsurface Color": [0.9086879826631019, 0.9149276631107247, 0.6904554533578721, 1.0], "Metallic": 0.3419040603087935, "Specular": 0.2671873723432455, "Specular Tint": 0.4076169845563399, "Roughness": 0.8596226768243241, "Anisotropic": 0.5713901069050114, "Anisotropic Rotation": 0.6557065346532798, "Sheen": 0.40683817944796696, "Sheen Tint": 0.9957077151817425, "Clearcoat": 0.5510777898058716, "Clearcout Roughness": 0.8963663234846002, "IOR": 1.45, "Transmission": 0.7637923051934291, "Transmission Roughness": 0.09677413852754668, "Emission": [0.0, 0.0, 0.0, 1.0], "Alpha": 1.0}