{"Base Color": [0.7969286762767521, 0.5618082464492227, 0.05019932072481803, 1.0], "Subsurface": 0.5717249657976083, "Subsurface Radius": [0.6022663984986645, 0.7465764202814743, 0.27459300716123847], "Subsurface Color": [0.8042568253083523, 0.03708048929346086, 0.8162069684019738, 1.0], "Metallic": 0.9407271546795951, "Specular": 0.5817406145735545, "Specular Tint": 0.19626922796276158, "Roughness": 0.5980892695707996, "Anisotropic": 0.9336304778533137, "Anisotropic Rotation": 0.6583524324803481, "Sheen": 0.769250354339751, "Sheen Tint": 0.9887781033655694, "Clearcoat": 0.7169467476716984, "Clearcout Roughness": 0.6169208811209663, "IOR": 1.45, "Transmission": 0.2777801590364072, "Transmission Roughness": 0.10385130563239908, "Emission": [0.0, 0.0, 0.0, 1.0], "Alpha": 1.0}