{"Base Color": [0.5402469946861251, 0.35371866737796487, 0.004369246170073615, 1.0], "Subsurface": 0.9909195599883704, "Subsurface Radius": [0.18326155263593147, 0.660172153308613, 0.036045697796449394], "Subsurface Color": [0.27140097734057456, 0.836586832449737, 0.23043416066071187, 1.0], "Metallic": 0.8180334392277753, "Specular": 0.15008114052400745, "Specular Tint": 0.8727503105729585, "Roughness": 0.9303132288829176, "Anisotropic": 0.4043351478659706, "Anisotropic Rotation": 0.6645137499252367, "Sheen": 0.11726289721256744, "Sheen Tint": 0.799569788044224, "Clearcoat": 0.6090799251206258, "Clearcout Roughness": 0.0679697449017469, "IOR": 1.45, "Transmission": 0.5884869462050841, "Transmission Roughness": 0.4516021341311677, "Emission": [0.0, 0.0, 0.0, 1.0], "Alpha": 1.0}