{"Base Color": [0.5505868735354613, 0.9077696472825042, 0.07177821834204556, 1.0], "Subsurface": 0.9093857084976712, "Subsurface Radius": [0.5869026416817603, 0.8962615504260684, 0.3457568183482107], "Subsurface Color": [0.6831164550091968, 0.12286918840614403, 0.5065488942075933, 1.0], "Metallic": 0.20608672190182953, "Specular": 0.6249871556249631, "Specular Tint": 0.8389789989991886, "Roughness": 0.12091579295416521, "Anisotropic": 0.5019412052730541, "Anisotropic Rotation": 0.6347361327892717, "Sheen": 0.8603469052836635, "Sheen Tint": 0.5870447246710946, "Clearcoat": 0.16196098179462193, "Clearcout Roughness": 0.25861434886471957, "IOR": 1.45, "Transmission": 0.6372284470077146, "Transmission Roughness": 0.011192148124832046, "Emission": [0.0, 0.0, 0.0, 1.0], "Alpha": 1.0}