{"Base Color": [0.7426100436076064, 0.5994314428327202, 0.6717442689080179, 1.0], "Subsurface": 0.36154556485712286, "Subsurface Radius": [0.2148312351206627, 0.8301238589170322, 0.4008532664865869], "Subsurface Color": [0.9856442702591528, 0.08644297575584348, 0.9177927334538895, 1.0], "Metallic": 0.19147223416980474, "Specular": 0.381510283807344, "Specular Tint": 0.2269705534734957, "Roughness": 0.06607588892289629, "Anisotropic": 0.3403509566663374, "Anisotropic Rotation": 0.08900142704382752, "Sheen": 0.3053002767118349, "Sheen Tint": 0.6859708607389536, "Clearcoat": 0.7365471214328985, "Clearcout Roughness": 0.7215755494864934, "IOR": 1.45, "Transmission": 0.034670860024048955, "Transmission Roughness": 0.9789565488202938, "Emission": [0.0, 0.0, 0.0, 1.0], "Alpha": 1.0}