{"Base Color": [0.8765636172294571, 0.7029825115956245, 0.5729174864139349, 1.0], "Subsurface": 0.6748559765118739, "Subsurface Radius": [0.05404643768454187, 0.20122978821049908, 0.6911763352511467], "Subsurface Color": [0.4174968619932067, 0.0600027069489828, 0.9952383641085067, 1.0], "Metallic": 0.5347345889112213, "Specular": 0.31660484452575155, "Specular Tint": 0.09305779784798074, "Roughness": 0.38376946713492954, "Anisotropic": 0.9945124972363245, "Anisotropic Rotation": 0.4603908567710989, "Sheen": 0.09838185535295119, "Sheen Tint": 0.012106086768359003, "Clearcoat": 0.2581193519208578, "Clearcout Roughness": 0.9062449587989855, "IOR": 1.45, "Transmission": 0.6183458663891909, "Transmission Roughness": 0.6458175313830722, "Emission": [0.0, 0.0, 0.0, 1.0], "Alpha": 1.0}