{"Base Color": [0.7551208536213024, 0.3833349088651209, 0.1731550717838939, 1.0], "Subsurface": 0.454157632197962, "Subsurface Radius": [0.5418642692062285, 0.11085335205939706, 0.7620830587282096], "Subsurface Color": [0.5823702355778763, 0.8464235285536947, 0.9300664845422566, 1.0], "Metallic": 0.23864314822238986, "Specular": 0.7639562224582171, "Specular Tint": 0.4382682975599861, "Roughness": 0.31834672586073987, "Anisotropic": 0.9018412320477462, "Anisotropic Rotation": 0.4161499914515867, "Sheen": 0.2745392666508454, "Sheen Tint": 0.1627377809195435, "Clearcoat": 0.32932143923890833, "Clearcout Roughness": 0.22331456740580224, "IOR": 1.45, "Transmission": 0.17702116796980494, "Transmission Roughness": 0.28787398114775065, "Emission": [0.0, 0.0, 0.0, 1.0], "Alpha": 1.0}