{"Base Color": [0.5845798632691394, 0.48724720003643307, 0.09771163942095573, 1.0], "Subsurface": 0.7742502274765544, "Subsurface Radius": [0.12751612298762005, 0.9117240798260636, 0.0396471105369498], "Subsurface Color": [0.44500409940062335, 0.5974967686608119, 0.5258905778934473, 1.0], "Metallic": 0.44897263611825045, "Specular": 0.8760645655002954, "Specular Tint": 0.8466797787858664, "Roughness": 0.9728131469981419, "Anisotropic": 0.3790483323141983, "Anisotropic Rotation": 0.9791863635129612, "Sheen": 0.42996878878475786, "Sheen Tint": 0.5612269965312983, "Clearcoat": 0.4994108069979797, "Clearcout Roughness": 0.8963841929229712, "IOR": 1.45, "Transmission": 0.8633601852867896, "Transmission Roughness": 0.4110273551212821, "Emission": [0.0, 0.0, 0.0, 1.0], "Alpha": 1.0}