{"Base Color": [0.47272524703345875, 0.3199194370319609, 0.9239042464014846, 1.0], "Subsurface": 0.13112173115393633, "Subsurface Radius": [0.2440567602828153, 0.8618963066301504, 0.37097133710594554], "Subsurface Color": [0.9762316672588978, 0.8874291256242335, 0.8092727127496302, 1.0], "Metallic": 0.4472510943786161, "Specular": 0.25739652980053307, "Specular Tint": 0.6909841704019464, "Roughness": 0.10564274775014593, "Anisotropic": 0.878908622246265, "Anisotropic Rotation": 0.19956831951388398, "Sheen": 0.4142397740631524, "Sheen Tint": 0.9738554010215866, "Clearcoat": 0.06061449336087166, "Clearcout Roughness": 0.4518102784218627, "IOR": 1.45, "Transmission": 0.024928226869251446, "Transmission Roughness": 0.4992482082540217, "Emission": [0.0, 0.0, 0.0, 1.0], "Alpha": 1.0}