{"Base Color": [0.5236920870584971, 0.869146554581428, 0.8112356068927181, 1.0], "Subsurface": 0.4940447719647232, "Subsurface Radius": [0.6852908439850247, 0.3128439689472903, 0.9816086263098998], "Subsurface Color": [0.3543552521782103, 0.14688801201743984, 0.5082761181460473, 1.0], "Metallic": 0.33195757386762503, "Specular": 0.9113916847071599, "Specular Tint": 0.6635270809215822, "Roughness": 0.13177822863432487, "Anisotropic": 0.45974449978964615, "Anisotropic Rotation": 0.5507242261468599, "Sheen": 0.856777176640114, "Sheen Tint": 0.4341028474269615, "Clearcoat": 0.15049803781190407, "Clearcout Roughness": 0.3843287768237672, "IOR": 1.45, "Transmission": 0.07794185214774185, "Transmission Roughness": 0.18245056520748448, "Emission": [0.0, 0.0, 0.0, 1.0], "Alpha": 1.0}