{"Base Color": [0.6786850395531602, 0.5657294734790279, 0.8696332422738602, 1.0], "Subsurface": 0.9655436924886931, "Subsurface Radius": [0.3466669683124891, 0.1980678680558603, 0.3490510792976531], "Subsurface Color": [0.37976703738245665, 0.636967946146863, 0.630024348060438, 1.0], "Metallic": 0.7126085687533595, "Specular": 0.7561615377798525, "Specular Tint": 0.5506066703884238, "Roughness": 0.5207242868261652, "Anisotropic": 0.13045448521385106, "Anisotropic Rotation": 0.13802108584654182, "Sheen": 0.7706184254741522, "Sheen Tint": 0.5611743044453331, "Clearcoat": 0.8076779086816701, "Clearcout Roughness": 0.5601348253641557, "IOR": 1.45, "Transmission": 0.8306985241351895, "Transmission Roughness": 0.766302311163893, "Emission": [0.0, 0.0, 0.0, 1.0], "Alpha": 1.0}