{"Base Color": [0.4922617221637128, 0.33823728736037617, 0.021059520778808793, 1.0], "Subsurface": 0.722296030987078, "Subsurface Radius": [0.21241777465990108, 0.6168597369267635, 0.3025835099825961], "Subsurface Color": [0.7589482893547728, 0.8638300407482628, 0.8975398512660299, 1.0], "Metallic": 0.1738436117540274, "Specular": 0.8364708862981463, "Specular Tint": 0.7295070411010808, "Roughness": 0.2701546297532148, "Anisotropic": 0.8502978817146631, "Anisotropic Rotation": 0.18882737911219327, "Sheen": 0.5291057569062751, "Sheen Tint": 0.301037043947862, "Clearcoat": 0.6932479172185787, "Clearcout Roughness": 0.8039705605459634, "IOR": 1.45, "Transmission": 0.37387982990338475, "Transmission Roughness": 0.8810979678204688, "Emission": [0.0, 0.0, 0.0, 1.0], "Alpha": 1.0}