{"Base Color": [0.9040679082235263, 0.2972392027250731, 0.990925287570973, 1.0], "Subsurface": 0.7597760611117884, "Subsurface Radius": [0.5720171339483714, 0.44145581109979104, 0.9764090953746197], "Subsurface Color": [0.8962503159937706, 0.2543425861997033, 0.3543586194269306, 1.0], "Metallic": 0.5320479817478873, "Specular": 0.33878074892369403, "Specular Tint": 0.5115061121141478, "Roughness": 0.5384059318440172, "Anisotropic": 0.6401160600985766, "Anisotropic Rotation": 0.5689636636383167, "Sheen": 0.27556355455679993, "Sheen Tint": 0.20386237258357398, "Clearcoat": 0.5626209072356685, "Clearcout Roughness": 0.5075104790739715, "IOR": 1.45, "Transmission": 0.6487624933778959, "Transmission Roughness": 0.4272846464780017, "Emission": [0.0, 0.0, 0.0, 1.0], "Alpha": 1.0}