{"Base Color": [0.053487828909549284, 0.49231575278876083, 0.059415732395261545, 1.0], "Subsurface": 0.4530093729722299, "Subsurface Radius": [0.5320421535791805, 0.5978230999041153, 0.4113178546805196], "Subsurface Color": [0.4214935450321643, 0.4939536783573648, 0.1510882056589633, 1.0], "Metallic": 0.7867700541265213, "Specular": 0.05750663202844586, "Specular Tint": 0.8215760378126415, "Roughness": 0.10557807709123213, "Anisotropic": 0.2991505754710597, "Anisotropic Rotation": 0.23653666728439648, "Sheen": 0.39994568765046146, "Sheen Tint": 0.9736216705868712, "Clearcoat": 0.29260660090915935, "Clearcout Roughness": 0.5535456164084057, "IOR": 1.45, "Transmission": 0.6070198182195113, "Transmission Roughness": 0.8831230101215147, "Emission": [0.0, 0.0, 0.0, 1.0], "Alpha": 1.0}