{"Base Color": [0.9804302637812844, 0.0007892055301754741, 0.5698913855107979, 1.0], "Subsurface": 0.5059789006248487, "Subsurface Radius": [0.9204549623626388, 0.35916978146971656, 0.837175338332826], "Subsurface Color": [0.8931244020234806, 0.9684109690704562, 0.4972124114129566, 1.0], "Metallic": 0.3516259636074184, "Specular": 0.447239789615281, "Specular Tint": 0.3868177497838502, "Roughness": 0.6463863705985319, "Anisotropic": 0.9789826457504797, "Anisotropic Rotation": 0.10970923806098565, "Sheen": 0.31119580600008834, "Sheen Tint": 0.8818725692154316, "Clearcoat": 0.26304225719946117, "Clearcout Roughness": 0.9750721048755902, "IOR": 1.45, "Transmission": 0.42095360717485053, "Transmission Roughness": 0.4764343559998415, "Emission": [0.0, 0.0, 0.0, 1.0], "Alpha": 1.0}