{"Base Color": [0.1741670819541492, 0.9806150177350501, 0.3642824271190207, 1.0], "Subsurface": 0.16524434000634958, "Subsurface Radius": [0.9428104720387379, 0.06678359101186337, 0.8109601679993246], "Subsurface Color": [0.20966920205305917, 0.7572400824560359, 0.29061853442274477, 1.0], "Metallic": 0.9219997412618182, "Specular": 0.525126391387838, "Specular Tint": 0.12802335330060588, "Roughness": 0.34650563724063965, "Anisotropic": 0.23277486235782086, "Anisotropic Rotation": 0.5819687543511767, "Sheen": 0.2642003884678228, "Sheen Tint": 0.4905272523769456, "Clearcoat": 0.3110471349086765, "Clearcout Roughness": 0.5537930151132106, "IOR": 1.45, "Transmission": 0.8383944122037215, "Transmission Roughness": 0.7734291661552739, "Emission": [0.0, 0.0, 0.0, 1.0], "Alpha": 1.0}