{"Base Color": [0.21713054654538455, 0.8137919610225304, 0.02023076369064636, 1.0], "Subsurface": 0.533130366050576, "Subsurface Radius": [0.38537262691309226, 0.5721579819682316, 0.3926019981054809], "Subsurface Color": [0.4210850418254467, 0.5058354291654122, 0.6693742729119074, 1.0], "Metallic": 0.9352942918723196, "Specular": 0.10228963873503494, "Specular Tint": 0.19802577174933056, "Roughness": 0.48290683018065417, "Anisotropic": 0.10749570321382962, "Anisotropic Rotation": 0.8974292847182105, "Sheen": 0.8074316095363357, "Sheen Tint": 0.9766596274567975, "Clearcoat": 0.6948129094174146, "Clearcout Roughness": 0.7621920885188335, "IOR": 1.45, "Transmission": 0.6756030436094524, "Transmission Roughness": 0.5814645848143033, "Emission": [0.0, 0.0, 0.0, 1.0], "Alpha": 1.0}