{"Base Color": [0.9632291872896916, 0.839039076258909, 0.35530498470407046, 1.0], "Subsurface": 0.9996488636994356, "Subsurface Radius": [0.10733602176361079, 0.8738126911984585, 0.3598686949916555], "Subsurface Color": [0.5131547275740018, 0.9116367545317352, 0.9486026681113898, 1.0], "Metallic": 0.9374441530942023, "Specular": 0.9906641571674758, "Specular Tint": 0.9480549658361276, "Roughness": 0.1654412605450606, "Anisotropic": 0.7599712648521206, "Anisotropic Rotation": 0.7456878953773238, "Sheen": 0.7037641336091369, "Sheen Tint": 0.04094389977276702, "Clearcoat": 0.37879323313060365, "Clearcout Roughness": 0.5262137328172574, "IOR": 1.45, "Transmission": 0.36072666099098416, "Transmission Roughness": 0.8961308654748433, "Emission": [0.0, 0.0, 0.0, 1.0], "Alpha": 1.0}