{"Base Color": [0.26070580419864275, 0.9180980162251715, 0.274660281746241, 1.0], "Subsurface": 0.2978792095894416, "Subsurface Radius": [0.17998837218397312, 0.7862280538354985, 0.24697827599359068], "Subsurface Color": [0.6808490709838221, 0.015521651014200999, 0.3518060585411428, 1.0], "Metallic": 0.3707083134749256, "Specular": 0.968854731914066, "Specular Tint": 0.4782769049367608, "Roughness": 0.16493964428724017, "Anisotropic": 0.20608469792077533, "Anisotropic Rotation": 0.02910792639860993, "Sheen": 0.04066748429359224, "Sheen Tint": 0.22654395525248405, "Clearcoat": 0.1286345599388602, "Clearcout Roughness": 0.06149061999488936, "IOR": 1.45, "Transmission": 0.8124774909983942, "Transmission Roughness": 0.8652258610812222, "Emission": [0.0, 0.0, 0.0, 1.0], "Alpha": 1.0}