{"Base Color": [0.8049237663313785, 0.9235659200555729, 0.83184350881032, 1.0], "Subsurface": 0.664039256581942, "Subsurface Radius": [0.5833267260772862, 0.9398399410187483, 0.43397852850824714], "Subsurface Color": [0.4224988955965082, 0.4702426075510069, 0.21466352582431536, 1.0], "Metallic": 0.4592556333116521, "Specular": 0.28711690973671045, "Specular Tint": 0.7064004301992491, "Roughness": 0.886761144165554, "Anisotropic": 0.5957422792846787, "Anisotropic Rotation": 0.5783209718196323, "Sheen": 0.9733468956923069, "Sheen Tint": 0.8117775083670883, "Clearcoat": 0.4478098017052691, "Clearcout Roughness": 0.007844913475273385, "IOR": 1.45, "Transmission": 0.9269092857976089, "Transmission Roughness": 0.549681945336916, "Emission": [0.0, 0.0, 0.0, 1.0], "Alpha": 1.0}