{"Base Color": [0.06110201262516457, 0.3104331095850371, 0.50943078136421, 1.0], "Subsurface": 0.9014476784003886, "Subsurface Radius": [0.23025915796046537, 0.7191740271520015, 0.9292865314848362], "Subsurface Color": [0.19348689948103015, 0.43184121303834677, 0.156065257399847, 1.0], "Metallic": 0.8545877811078763, "Specular": 0.34078210193731895, "Specular Tint": 0.8552954531552082, "Roughness": 0.9802110800670633, "Anisotropic": 0.8891015037417432, "Anisotropic Rotation": 0.07993930446691022, "Sheen": 0.9758168563070004, "Sheen Tint": 0.5573344155218776, "Clearcoat": 0.877769043667328, "Clearcout Roughness": 0.7211031158196392, "IOR": 1.45, "Transmission": 0.672096831046628, "Transmission Roughness": 0.6717263167167689, "Emission": [0.0, 0.0, 0.0, 1.0], "Alpha": 1.0}