{"Base Color": [0.9341163199446263, 0.27006043016132886, 0.502759617315705, 1.0], "Subsurface": 0.020854441479724928, "Subsurface Radius": [0.8763783560876477, 0.27654382550743495, 0.8029553565750003], "Subsurface Color": [0.6708034431777228, 0.07368499620542635, 0.2889659056789974, 1.0], "Metallic": 0.4795171760830904, "Specular": 0.11279269977310469, "Specular Tint": 0.7860186361479079, "Roughness": 0.6831229212928075, "Anisotropic": 0.18899810159047148, "Anisotropic Rotation": 0.6289850865954044, "Sheen": 0.2114629588010427, "Sheen Tint": 0.5739794964611479, "Clearcoat": 0.7951138522679742, "Clearcout Roughness": 0.28926315341146225, "IOR": 1.45, "Transmission": 0.640805414671597, "Transmission Roughness": 0.18815592952001026, "Emission": [0.0, 0.0, 0.0, 1.0], "Alpha": 1.0}