{"Base Color": [0.7965272684839821, 0.3580221178585896, 0.7617545363721966, 1.0], "Subsurface": 0.5165150928504499, "Subsurface Radius": [0.7043345460548355, 0.8940212918603138, 0.950642978440954], "Subsurface Color": [0.4335774537849252, 0.7730060003397169, 0.0481781546843304, 1.0], "Metallic": 0.6804078280785341, "Specular": 0.2352945308109795, "Specular Tint": 0.9048232220190157, "Roughness": 0.7605218512349221, "Anisotropic": 0.4614660035747338, "Anisotropic Rotation": 0.2700155147400257, "Sheen": 0.07180425802242552, "Sheen Tint": 0.42300009183376885, "Clearcoat": 0.11752222286534031, "Clearcout Roughness": 0.3723483532977764, "IOR": 1.45, "Transmission": 0.5258187572972866, "Transmission Roughness": 0.7145093337971156, "Emission": [0.0, 0.0, 0.0, 1.0], "Alpha": 1.0}