{"Base Color": [0.9965168433015495, 0.5363739951598973, 0.10647889099978858, 1.0], "Subsurface": 0.21771565891653388, "Subsurface Radius": [0.9429903016140927, 0.9256466857735371, 0.675394332501664], "Subsurface Color": [0.19525165962837898, 0.057362037125767595, 0.32021402043160907, 1.0], "Metallic": 0.3392189366278905, "Specular": 0.588359772655452, "Specular Tint": 0.0051772192589959465, "Roughness": 0.06221022766794837, "Anisotropic": 0.9536560706037653, "Anisotropic Rotation": 0.3761104065721923, "Sheen": 0.7605926916369473, "Sheen Tint": 0.19897129143413506, "Clearcoat": 0.8451710668414936, "Clearcout Roughness": 0.07754685032935393, "IOR": 1.45, "Transmission": 0.32930236304681715, "Transmission Roughness": 0.24841139975798243, "Emission": [0.0, 0.0, 0.0, 1.0], "Alpha": 1.0}