{"Base Color": [0.06658214693097353, 0.808095496550104, 0.3983645493919846, 1.0], "Subsurface": 0.5081585194567912, "Subsurface Radius": [0.036891380334018065, 0.8367373064500233, 0.309285342907051], "Subsurface Color": [0.0114734876646857, 0.2450593508990545, 0.23515900165781312, 1.0], "Metallic": 0.13944342403653787, "Specular": 0.40303538743542744, "Specular Tint": 0.13039118389364923, "Roughness": 0.029533340422947973, "Anisotropic": 0.3683871000083967, "Anisotropic Rotation": 0.9849608294201126, "Sheen": 0.3568586615951782, "Sheen Tint": 0.040671205448785996, "Clearcoat": 0.1886474902896711, "Clearcout Roughness": 0.9457084199513994, "IOR": 1.45, "Transmission": 0.060716274406804494, "Transmission Roughness": 0.6814329309623146, "Emission": [0.0, 0.0, 0.0, 1.0], "Alpha": 1.0}