{"Base Color": [0.9726587662716382, 0.44114852824662043, 0.5222557835791073, 1.0], "Subsurface": 0.66026776475946, "Subsurface Radius": [0.47249582516812805, 0.5698025195070509, 0.9220713976943979], "Subsurface Color": [0.3122688353239784, 0.7756700646446142, 0.9916151298325825, 1.0], "Metallic": 0.2807087508488376, "Specular": 0.35887730022559183, "Specular Tint": 0.2508818759767958, "Roughness": 0.9085400562242786, "Anisotropic": 0.018537245867454977, "Anisotropic Rotation": 0.798007346247346, "Sheen": 0.40814445283272893, "Sheen Tint": 0.44451821844646877, "Clearcoat": 0.8016283286081824, "Clearcout Roughness": 0.9107919629832096, "IOR": 1.45, "Transmission": 0.3886338971023777, "Transmission Roughness": 0.1311366186474704, "Emission": [0.0, 0.0, 0.0, 1.0], "Alpha": 1.0}