{"Base Color": [0.21251681715086457, 0.8666318760564967, 0.7530648640825193, 1.0], "Subsurface": 0.8240257194455294, "Subsurface Radius": [0.5460919153751939, 0.8120445219718141, 0.7013890538359955], "Subsurface Color": [0.13493509541590143, 0.0864722616679201, 0.9450029398729459, 1.0], "Metallic": 0.19229333517025915, "Specular": 0.5505830370379181, "Specular Tint": 0.03612396858144429, "Roughness": 0.9207893973514933, "Anisotropic": 0.22676187890470623, "Anisotropic Rotation": 0.3535269388191635, "Sheen": 0.7265509587177265, "Sheen Tint": 0.6918865746825115, "Clearcoat": 0.9829836129059462, "Clearcout Roughness": 0.6043717076221787, "IOR": 1.45, "Transmission": 0.11731518865123225, "Transmission Roughness": 0.35574139203874877, "Emission": [0.0, 0.0, 0.0, 1.0], "Alpha": 1.0}