{"Base Color": [0.9111871438328978, 0.5489666960929683, 0.031858677591059203, 1.0], "Subsurface": 0.2673302024938048, "Subsurface Radius": [0.7561046312456522, 0.4137609064078571, 0.04563890120231151], "Subsurface Color": [0.19725437101294063, 0.14539080160697726, 0.5064498700518987, 1.0], "Metallic": 0.880717024124798, "Specular": 0.1036119678707651, "Specular Tint": 0.22323570879295362, "Roughness": 0.24310663978905311, "Anisotropic": 0.4372082509263002, "Anisotropic Rotation": 0.4089366287994768, "Sheen": 0.8122924277085051, "Sheen Tint": 0.1228934099817891, "Clearcoat": 0.1767358411809311, "Clearcout Roughness": 0.11026070245246788, "IOR": 1.45, "Transmission": 0.6379227429543072, "Transmission Roughness": 0.538027649251332, "Emission": [0.0, 0.0, 0.0, 1.0], "Alpha": 1.0}