{"Base Color": [0.6363181199299476, 0.26178386155523237, 0.4417112171487384, 1.0], "Subsurface": 0.4425071663215018, "Subsurface Radius": [0.7724581330999354, 0.10327986683884849, 0.3820015955567678], "Subsurface Color": [0.09965898963935937, 0.7906745078419644, 0.9912862776917762, 1.0], "Metallic": 0.17344389174129438, "Specular": 0.5175510806243564, "Specular Tint": 0.77826603267749, "Roughness": 0.03822829904372693, "Anisotropic": 0.019436803205239883, "Anisotropic Rotation": 0.24602090047889913, "Sheen": 0.12587076901239225, "Sheen Tint": 0.7793261732062079, "Clearcoat": 0.8066276502970325, "Clearcout Roughness": 0.3313790907517894, "IOR": 1.45, "Transmission": 0.7103497617957087, "Transmission Roughness": 0.7468177970376098, "Emission": [0.0, 0.0, 0.0, 1.0], "Alpha": 1.0}