{"Base Color": [0.6081450964021359, 0.08301632102678458, 0.7170667366061274, 1.0], "Subsurface": 0.25821284141662626, "Subsurface Radius": [0.528199487763568, 0.17987401851751772, 0.7158938571463261], "Subsurface Color": [0.14717804071936869, 0.7983362932349378, 0.11647841705931117, 1.0], "Metallic": 0.3201048140369762, "Specular": 0.5603616742262431, "Specular Tint": 0.9783735921138882, "Roughness": 0.5160456578299113, "Anisotropic": 0.990964333898168, "Anisotropic Rotation": 0.9895940046677998, "Sheen": 0.11869846712042642, "Sheen Tint": 0.7945666366830201, "Clearcoat": 0.7480870153993189, "Clearcout Roughness": 0.7300050721840498, "IOR": 1.45, "Transmission": 0.4103764906864553, "Transmission Roughness": 0.5199245744630264, "Emission": [0.0, 0.0, 0.0, 1.0], "Alpha": 1.0}