{"Base Color": [0.4950922803653217, 0.3227685733407385, 0.5202265598401435, 1.0], "Subsurface": 0.6900877227518335, "Subsurface Radius": [0.5580916530079666, 0.2871983636931801, 0.9272657497736165], "Subsurface Color": [0.9669898804169812, 0.615273196974203, 0.6001705256653135, 1.0], "Metallic": 0.3000230449480682, "Specular": 0.8922485926084499, "Specular Tint": 0.745009749911415, "Roughness": 0.16162284445385922, "Anisotropic": 0.16774777751924708, "Anisotropic Rotation": 0.9923112506999896, "Sheen": 0.5239639614999324, "Sheen Tint": 0.8052186696457178, "Clearcoat": 0.031078098124412867, "Clearcout Roughness": 0.4906016253235177, "IOR": 1.45, "Transmission": 0.523662359540506, "Transmission Roughness": 0.4719652407636501, "Emission": [0.0, 0.0, 0.0, 1.0], "Alpha": 1.0}