{"Base Color": [0.15346741710949674, 0.7201734858862273, 0.884471070579341, 1.0], "Subsurface": 0.29479889061854603, "Subsurface Radius": [0.7884506626541821, 0.014695806860476779, 0.146138797234737], "Subsurface Color": [0.8114634299188644, 0.4818610498374385, 0.580070680266146, 1.0], "Metallic": 0.43374117008999313, "Specular": 0.9245377077352966, "Specular Tint": 0.540877027269082, "Roughness": 0.6409516481679745, "Anisotropic": 0.2298541980869021, "Anisotropic Rotation": 0.029892566996840175, "Sheen": 0.6090614479835564, "Sheen Tint": 0.7194039655683139, "Clearcoat": 0.5218730130615317, "Clearcout Roughness": 0.8575676619234379, "IOR": 1.45, "Transmission": 0.9449652631379067, "Transmission Roughness": 0.0008586568190029897, "Emission": [0.0, 0.0, 0.0, 1.0], "Alpha": 1.0}