{"Base Color": [0.4456207367607129, 0.37742491870545114, 0.18482469307748273, 1.0], "Subsurface": 0.26775591616406635, "Subsurface Radius": [0.8758694697697671, 0.9346783051023922, 0.15471918547481567], "Subsurface Color": [0.04131781550893909, 0.6245857979822331, 0.6281884581085121, 1.0], "Metallic": 0.7695478025525551, "Specular": 0.03426728031315085, "Specular Tint": 0.03461029530185822, "Roughness": 0.587707399073627, "Anisotropic": 0.8220352666188389, "Anisotropic Rotation": 0.061039049173262194, "Sheen": 0.5266936122215068, "Sheen Tint": 0.8787293990514855, "Clearcoat": 0.4207357958084029, "Clearcout Roughness": 0.6325880843528253, "IOR": 1.45, "Transmission": 0.8418623249990569, "Transmission Roughness": 0.3918638904002051, "Emission": [0.0, 0.0, 0.0, 1.0], "Alpha": 1.0}