{"Base Color": [0.9693401282311537, 0.7356825481906554, 0.8870477978110973, 1.0], "Subsurface": 0.939116889767786, "Subsurface Radius": [0.16757986850848172, 0.736376390059693, 0.1561065916867086], "Subsurface Color": [0.6766022330424797, 0.4085020384842988, 0.620800640346287, 1.0], "Metallic": 0.9397637117668325, "Specular": 0.9300635891850085, "Specular Tint": 0.560552970610966, "Roughness": 0.8484669661064992, "Anisotropic": 0.30978149150920054, "Anisotropic Rotation": 0.3292592442767851, "Sheen": 0.460857906743235, "Sheen Tint": 0.3044134198121403, "Clearcoat": 0.6632196633724647, "Clearcout Roughness": 0.8563963582792443, "IOR": 1.45, "Transmission": 0.7403326755771997, "Transmission Roughness": 0.6346095831574425, "Emission": [0.0, 0.0, 0.0, 1.0], "Alpha": 1.0}