{"Base Color": [0.21849400969062815, 0.8237079620261468, 0.22769136079898544, 1.0], "Subsurface": 0.8135958892006495, "Subsurface Radius": [0.06699004208812076, 0.08963376053240357, 0.3082139961886917], "Subsurface Color": [0.6657104817124953, 0.9027646508951584, 0.9589441674877929, 1.0], "Metallic": 0.3713793073717738, "Specular": 0.06596758512873668, "Specular Tint": 0.2585877937503377, "Roughness": 0.24397546320763774, "Anisotropic": 0.08665890745690119, "Anisotropic Rotation": 0.97356910246735, "Sheen": 0.7483003548872104, "Sheen Tint": 0.17493181717790374, "Clearcoat": 0.19907821385136681, "Clearcout Roughness": 0.7145000027595183, "IOR": 1.45, "Transmission": 0.6610256542166766, "Transmission Roughness": 0.7741202118716757, "Emission": [0.0, 0.0, 0.0, 1.0], "Alpha": 1.0}