{"Base Color": [0.6974651277735378, 0.2918772288842417, 0.44740993257242556, 1.0], "Subsurface": 0.6012644906724304, "Subsurface Radius": [0.2694947574345009, 0.13710786342388392, 0.16792829056752823], "Subsurface Color": [0.31126298651364404, 0.4112761824130162, 0.09058144897790954, 1.0], "Metallic": 0.09429928941932308, "Specular": 0.9576942008978369, "Specular Tint": 0.06919480897608832, "Roughness": 0.509636704509301, "Anisotropic": 0.029358410717729155, "Anisotropic Rotation": 0.8485551578800425, "Sheen": 0.13792600498499918, "Sheen Tint": 0.7909471709591825, "Clearcoat": 0.5638205102800422, "Clearcout Roughness": 0.022442889834877522, "IOR": 1.45, "Transmission": 0.5727750601684745, "Transmission Roughness": 0.5261837501521766, "Emission": [0.0, 0.0, 0.0, 1.0], "Alpha": 1.0}