{"Base Color": [0.05318738514509269, 0.26876464806427136, 0.8517279144197323, 1.0], "Subsurface": 0.12965443310139702, "Subsurface Radius": [0.9412977283646166, 0.9651245341142055, 0.3202436144430907], "Subsurface Color": [0.3900570923725727, 0.5091365350206672, 0.4967641849364164, 1.0], "Metallic": 0.8858319010673168, "Specular": 0.8189629069043414, "Specular Tint": 0.30459153219387525, "Roughness": 0.064237643446454, "Anisotropic": 0.4222939123933882, "Anisotropic Rotation": 0.953361585249301, "Sheen": 0.9139412131826434, "Sheen Tint": 0.3317482858275651, "Clearcoat": 0.8741828129973712, "Clearcout Roughness": 0.055359261797092385, "IOR": 1.45, "Transmission": 0.9260497309497867, "Transmission Roughness": 0.15249810721047452, "Emission": [0.0, 0.0, 0.0, 1.0], "Alpha": 1.0}