{"Base Color": [0.49935313302323814, 0.4054776088927251, 0.8850443107743927, 1.0], "Subsurface": 0.28311215473097806, "Subsurface Radius": [0.6860446677079821, 0.4810219871861675, 0.1687518962468787], "Subsurface Color": [0.9762308605682313, 0.82326135796388, 0.9871457833822029, 1.0], "Metallic": 0.3202256174804722, "Specular": 0.0803819175656948, "Specular Tint": 0.7659069854446052, "Roughness": 0.9371179054009815, "Anisotropic": 0.5874331158953936, "Anisotropic Rotation": 0.2544142528781431, "Sheen": 0.8956035726161989, "Sheen Tint": 0.5987379503358623, "Clearcoat": 0.7656393065689852, "Clearcout Roughness": 0.3030754605624868, "IOR": 1.45, "Transmission": 0.9651784865875419, "Transmission Roughness": 0.5682380388293458, "Emission": [0.0, 0.0, 0.0, 1.0], "Alpha": 1.0}