{"Base Color": [0.7027493746700799, 0.8726717227266868, 0.8334923389301928, 1.0], "Subsurface": 0.9588087222228968, "Subsurface Radius": [0.27188786052948166, 0.2711641172910295, 0.4985173124620783], "Subsurface Color": [0.4885346764776489, 0.10431790172487998, 0.34785693258935424, 1.0], "Metallic": 0.27635815218895976, "Specular": 0.10921453082109267, "Specular Tint": 0.5375526780566541, "Roughness": 0.1598941460538993, "Anisotropic": 0.4742468771996361, "Anisotropic Rotation": 0.7076416986647068, "Sheen": 0.07280462383474295, "Sheen Tint": 0.3205829595651568, "Clearcoat": 0.9922413085873569, "Clearcout Roughness": 0.8995066366261469, "IOR": 1.45, "Transmission": 0.27525585217459503, "Transmission Roughness": 0.7915023182012981, "Emission": [0.0, 0.0, 0.0, 1.0], "Alpha": 1.0}