{"Base Color": [0.3995119924188839, 0.056257094908674254, 0.5337882593776424, 1.0], "Subsurface": 0.2794783394381406, "Subsurface Radius": [0.12074135545664821, 0.693408367390887, 0.9421877046854148], "Subsurface Color": [0.2301993535694935, 0.9255820457941468, 0.9425433928471424, 1.0], "Metallic": 0.0558567611099019, "Specular": 0.82626601984145, "Specular Tint": 0.7204643068855994, "Roughness": 0.540214727089272, "Anisotropic": 0.45502671238317727, "Anisotropic Rotation": 0.18029868336071797, "Sheen": 0.719645855407801, "Sheen Tint": 0.2087062117378976, "Clearcoat": 0.5835243012263506, "Clearcout Roughness": 0.10823497389692782, "IOR": 1.45, "Transmission": 0.7516522567241959, "Transmission Roughness": 0.7792680660319833, "Emission": [0.0, 0.0, 0.0, 1.0], "Alpha": 1.0}