{"Base Color": [0.17399440376070696, 0.3180743946592475, 0.8497647437222918, 1.0], "Subsurface": 0.9844187697277683, "Subsurface Radius": [0.7975676880402023, 0.02996789168252456, 0.6951533053153078], "Subsurface Color": [0.9511366605117337, 0.08322927050339257, 0.9460035492761648, 1.0], "Metallic": 0.28167889596107165, "Specular": 0.8846552072403409, "Specular Tint": 0.8252488967073817, "Roughness": 0.693468525172003, "Anisotropic": 0.3936526942894164, "Anisotropic Rotation": 0.07368162456724359, "Sheen": 0.19906978137272513, "Sheen Tint": 0.03858972852382381, "Clearcoat": 0.1734013245209226, "Clearcout Roughness": 0.14338902314283786, "IOR": 1.45, "Transmission": 0.5219772433428639, "Transmission Roughness": 0.3819807535649349, "Emission": [0.0, 0.0, 0.0, 1.0], "Alpha": 1.0}