{"Base Color": [0.5637962230780007, 0.2805977414458297, 0.6930639580256456, 1.0], "Subsurface": 0.09216545145934785, "Subsurface Radius": [0.11603659601127492, 0.19487487535061276, 0.38948217289703313], "Subsurface Color": [0.9311485652473918, 0.659251986876094, 0.9382470642235664, 1.0], "Metallic": 0.8126385272347292, "Specular": 0.5887214970550941, "Specular Tint": 0.8403298680388673, "Roughness": 0.5834819824203678, "Anisotropic": 0.2919166573144173, "Anisotropic Rotation": 0.7822940753665498, "Sheen": 0.7181673510919463, "Sheen Tint": 0.49829691121123165, "Clearcoat": 0.25719213938951335, "Clearcout Roughness": 0.1968218553903328, "IOR": 1.45, "Transmission": 0.7985555043324238, "Transmission Roughness": 0.5436520328039025, "Emission": [0.0, 0.0, 0.0, 1.0], "Alpha": 1.0}