{"Base Color": [0.06544600949557722, 0.8645506853056457, 0.1236863181840614, 1.0], "Subsurface": 0.7148821595341802, "Subsurface Radius": [0.47649945456965004, 0.05171492573503278, 0.5947556293618548], "Subsurface Color": [0.3662637766662997, 0.6020273434739006, 0.3336079737262164, 1.0], "Metallic": 0.47426733013148714, "Specular": 0.7432530213500806, "Specular Tint": 0.5607129109519685, "Roughness": 0.5570758315520082, "Anisotropic": 0.2625150442656826, "Anisotropic Rotation": 0.7156133528785514, "Sheen": 0.1011677285183481, "Sheen Tint": 0.020725085684110245, "Clearcoat": 0.15858562689493194, "Clearcout Roughness": 0.574993194178284, "IOR": 1.45, "Transmission": 0.4927157205948839, "Transmission Roughness": 0.19198306038414925, "Emission": [0.0, 0.0, 0.0, 1.0], "Alpha": 1.0}