{"Base Color": [0.6465082776557306, 0.47431990143475766, 0.45766090781684055, 1.0], "Subsurface": 0.4933612308439572, "Subsurface Radius": [0.3158936371696842, 0.6624350650036648, 0.19852589216324534], "Subsurface Color": [0.466652993957445, 0.563713420748091, 0.138351740856963, 1.0], "Metallic": 0.3783976714668039, "Specular": 0.28267670877532247, "Specular Tint": 0.37027540493677236, "Roughness": 0.9033083689399091, "Anisotropic": 0.782120645605896, "Anisotropic Rotation": 0.40429767225265256, "Sheen": 0.9265286092649214, "Sheen Tint": 0.8788599162789853, "Clearcoat": 0.7880654610320768, "Clearcout Roughness": 0.5803638353901736, "IOR": 1.45, "Transmission": 0.9532145968263177, "Transmission Roughness": 0.8305899248080303, "Emission": [0.0, 0.0, 0.0, 1.0], "Alpha": 1.0}