{"Base Color": [0.7776394056173869, 0.867225662007774, 0.4228336011500762, 1.0], "Subsurface": 0.8695495165375453, "Subsurface Radius": [0.8703533447640621, 0.5973500461832343, 0.08982199074807107], "Subsurface Color": [0.3661587703731114, 0.38753542796776663, 0.4488550982537901, 1.0], "Metallic": 0.7446468964149539, "Specular": 0.6817055007547478, "Specular Tint": 0.5272122377322657, "Roughness": 0.9934284391208579, "Anisotropic": 0.3494720242595555, "Anisotropic Rotation": 0.40844276701464777, "Sheen": 0.21834478492418752, "Sheen Tint": 0.2706240198445037, "Clearcoat": 0.8323897021628235, "Clearcout Roughness": 0.9534808851814315, "IOR": 1.45, "Transmission": 0.22758832998399803, "Transmission Roughness": 0.9463413047200441, "Emission": [0.0, 0.0, 0.0, 1.0], "Alpha": 1.0}