{"Base Color": [0.17737821324984948, 0.9348360622518243, 0.869122116210547, 1.0], "Subsurface": 0.7357117728320852, "Subsurface Radius": [0.8136318393268795, 0.5661917974519304, 0.6841438796010307], "Subsurface Color": [0.8656418267762331, 0.9471906284955949, 0.2173939133950774, 1.0], "Metallic": 0.310473100962002, "Specular": 0.4812383625500526, "Specular Tint": 0.2581353723634726, "Roughness": 0.7043377376444497, "Anisotropic": 0.7186802399162278, "Anisotropic Rotation": 0.5722369892326841, "Sheen": 0.7006835867955358, "Sheen Tint": 0.961319490573882, "Clearcoat": 0.32023143248051444, "Clearcout Roughness": 0.047635788248480915, "IOR": 1.45, "Transmission": 0.3177325392769985, "Transmission Roughness": 0.49876977141780166, "Emission": [0.0, 0.0, 0.0, 1.0], "Alpha": 1.0}