{"Base Color": [0.15657034221289867, 0.5976285352906083, 0.38067433343485635, 1.0], "Subsurface": 0.10323219948839324, "Subsurface Radius": [0.3500624059851384, 0.28211966694832946, 0.8233019987978519], "Subsurface Color": [0.770630603498175, 0.7514199686512425, 0.967149064257524, 1.0], "Metallic": 0.11077908651107904, "Specular": 0.7514113316039014, "Specular Tint": 0.12088642832703866, "Roughness": 0.8559155042923077, "Anisotropic": 0.7348287472013717, "Anisotropic Rotation": 0.5851137647524374, "Sheen": 0.269963930054417, "Sheen Tint": 0.33084013266362844, "Clearcoat": 0.28811373529475537, "Clearcout Roughness": 0.10380321820935201, "IOR": 1.45, "Transmission": 0.8319810288215024, "Transmission Roughness": 0.5293655157759134, "Emission": [0.0, 0.0, 0.0, 1.0], "Alpha": 1.0}