{"Base Color": [0.5462181749573963, 0.038461470791528285, 0.4632071350628145, 1.0], "Subsurface": 0.8914366734225272, "Subsurface Radius": [0.7263824041073225, 0.02979883460649102, 0.5506283922223483], "Subsurface Color": [0.822834808119279, 0.11142717909144828, 0.5464267052353439, 1.0], "Metallic": 0.19753712241016497, "Specular": 0.31931450592331934, "Specular Tint": 0.1701194353647425, "Roughness": 0.5391531171140282, "Anisotropic": 0.9886988489064568, "Anisotropic Rotation": 0.20549789247211925, "Sheen": 0.8403309188667355, "Sheen Tint": 0.05759457144811708, "Clearcoat": 0.4512932510892941, "Clearcout Roughness": 0.2437318923051065, "IOR": 1.45, "Transmission": 0.6851269052772965, "Transmission Roughness": 0.1684810842844644, "Emission": [0.0, 0.0, 0.0, 1.0], "Alpha": 1.0}