{"Base Color": [0.2530731115490621, 0.46337140080155215, 0.07176513842886223, 1.0], "Subsurface": 0.33543591363793157, "Subsurface Radius": [0.8345811154255434, 0.737777305722242, 0.9956454316235717], "Subsurface Color": [0.22659481505703993, 0.7269965371127329, 0.14106275369550791, 1.0], "Metallic": 0.551991318326657, "Specular": 0.4950190904036884, "Specular Tint": 0.29475428877363163, "Roughness": 0.19675554058671973, "Anisotropic": 0.6164857902484704, "Anisotropic Rotation": 0.06354088352012632, "Sheen": 0.25831305312291486, "Sheen Tint": 0.10202012363072754, "Clearcoat": 0.8859350461533074, "Clearcout Roughness": 0.034460448517033004, "IOR": 1.45, "Transmission": 0.007445115885417186, "Transmission Roughness": 0.8600798132076549, "Emission": [0.0, 0.0, 0.0, 1.0], "Alpha": 1.0}