{"Base Color": [0.3775041926296201, 0.3840462612466403, 0.29232284363402883, 1.0], "Subsurface": 0.9377709593983832, "Subsurface Radius": [0.9297322227555426, 0.8512446013821965, 0.4286730956892296], "Subsurface Color": [0.5853724738329996, 0.5940081998204396, 0.568152387984136, 1.0], "Metallic": 0.1877589655354388, "Specular": 0.718410383017131, "Specular Tint": 0.7749286963550625, "Roughness": 0.3798901051162539, "Anisotropic": 0.26898620373379045, "Anisotropic Rotation": 0.18226195720810867, "Sheen": 0.764869887285382, "Sheen Tint": 0.67032867246535, "Clearcoat": 0.8046685835538153, "Clearcout Roughness": 0.9802850659648945, "IOR": 1.45, "Transmission": 0.46448781843514664, "Transmission Roughness": 0.3393952970057801, "Emission": [0.0, 0.0, 0.0, 1.0], "Alpha": 1.0}