{"Base Color": [0.3606984853767162, 0.17218576618545445, 0.7717849240384096, 1.0], "Subsurface": 0.6699597246713824, "Subsurface Radius": [0.4734907978886228, 0.7758497401484531, 0.6497298427994408], "Subsurface Color": [0.03210088782250331, 0.649486083619849, 0.1949436270810585, 1.0], "Metallic": 0.3997817281007351, "Specular": 0.8570659183369921, "Specular Tint": 0.6842824315288903, "Roughness": 0.045076377922069644, "Anisotropic": 0.5515778760413885, "Anisotropic Rotation": 0.45111798498125144, "Sheen": 0.6345503387810467, "Sheen Tint": 0.03491525683778218, "Clearcoat": 0.7221042476645096, "Clearcout Roughness": 0.5306109933895224, "IOR": 1.45, "Transmission": 0.2572712744118075, "Transmission Roughness": 0.021833267988901617, "Emission": [0.0, 0.0, 0.0, 1.0], "Alpha": 1.0}