{"Base Color": [0.13608547666375292, 0.535012133201497, 0.5721872660747839, 1.0], "Subsurface": 0.36721666353664195, "Subsurface Radius": [0.3210274316215024, 0.56974519808836, 0.4621538189479766], "Subsurface Color": [0.3599579659355898, 0.8924473737319676, 0.6733365074628176, 1.0], "Metallic": 0.23084208567956133, "Specular": 0.996519706209529, "Specular Tint": 0.8936678728870134, "Roughness": 0.9678937253055329, "Anisotropic": 0.4863180634131442, "Anisotropic Rotation": 0.7417211657318121, "Sheen": 0.16440454072733235, "Sheen Tint": 0.606424479690905, "Clearcoat": 0.4289294668743996, "Clearcout Roughness": 0.8094971253786444, "IOR": 1.45, "Transmission": 0.8133159400706594, "Transmission Roughness": 0.8685180399663687, "Emission": [0.0, 0.0, 0.0, 1.0], "Alpha": 1.0}