{"Base Color": [0.7707024763650128, 0.47177488489400454, 0.4689869583318633, 1.0], "Subsurface": 0.18252196534368204, "Subsurface Radius": [0.4370406231429478, 0.04173333489854425, 0.9515847693676356], "Subsurface Color": [0.9408544202985012, 0.7531228918581515, 0.21793075307137022, 1.0], "Metallic": 0.27849820022416294, "Specular": 0.6733305733476608, "Specular Tint": 0.9080907530591799, "Roughness": 0.6967090615765116, "Anisotropic": 0.6608482925577365, "Anisotropic Rotation": 0.7807801238292048, "Sheen": 0.5280832873852779, "Sheen Tint": 0.19670811405574473, "Clearcoat": 0.8516719762562455, "Clearcout Roughness": 0.4206044032842685, "IOR": 1.45, "Transmission": 0.3240667631910896, "Transmission Roughness": 0.8033375513725809, "Emission": [0.0, 0.0, 0.0, 1.0], "Alpha": 1.0}