{"Base Color": [0.06489137237083675, 0.09480808607701507, 0.8861189690788833, 1.0], "Subsurface": 0.6796408112126433, "Subsurface Radius": [0.2509861926737187, 0.09309606823671934, 0.1464238348653062], "Subsurface Color": [0.029893663626269773, 0.27102325998623156, 0.295519765798561, 1.0], "Metallic": 0.194617998450201, "Specular": 0.6001216544571004, "Specular Tint": 0.11194997371001003, "Roughness": 0.7485997152312629, "Anisotropic": 0.05314662549676241, "Anisotropic Rotation": 0.788908679056085, "Sheen": 0.41584854383926917, "Sheen Tint": 0.09329103155203444, "Clearcoat": 0.03021703269254372, "Clearcout Roughness": 0.9321299387127906, "IOR": 1.45, "Transmission": 0.8325228227846129, "Transmission Roughness": 0.3776782225715657, "Emission": [0.0, 0.0, 0.0, 1.0], "Alpha": 1.0}