{"Base Color": [0.7334821416883324, 0.7577742873189113, 0.33855849751734124, 1.0], "Subsurface": 0.09385981765524531, "Subsurface Radius": [0.4200134740258906, 0.48461122902789067, 0.5713854057560059], "Subsurface Color": [0.3894713225128481, 0.3068375069411845, 0.37101196200247666, 1.0], "Metallic": 0.0014863558213605854, "Specular": 0.6576944611590759, "Specular Tint": 0.46119097206387205, "Roughness": 0.9567640248047009, "Anisotropic": 0.8157362223429763, "Anisotropic Rotation": 0.19030402267194402, "Sheen": 0.5818211953304864, "Sheen Tint": 0.7759018473146316, "Clearcoat": 0.8816257556967618, "Clearcout Roughness": 0.6611425236042098, "IOR": 1.45, "Transmission": 0.6048132898867891, "Transmission Roughness": 0.36592168471785236, "Emission": [0.0, 0.0, 0.0, 1.0], "Alpha": 1.0}