{"Base Color": [0.6859019110974183, 0.053998538538707064, 0.9739292313394559, 1.0], "Subsurface": 0.7880844692484369, "Subsurface Radius": [0.41450387867037686, 0.033611029889917265, 0.41701904612095764], "Subsurface Color": [0.22449977799637977, 0.6382489135773654, 0.734082984442514, 1.0], "Metallic": 0.24975785382429827, "Specular": 0.6125170521462521, "Specular Tint": 0.3996235613000395, "Roughness": 0.2950740584694769, "Anisotropic": 0.8007028972741622, "Anisotropic Rotation": 0.18714459728475397, "Sheen": 0.22514860048473762, "Sheen Tint": 0.7826537298552478, "Clearcoat": 0.028499276056291434, "Clearcout Roughness": 0.06927700975799678, "IOR": 1.45, "Transmission": 0.2444723403462794, "Transmission Roughness": 0.19606223176783844, "Emission": [0.0, 0.0, 0.0, 1.0], "Alpha": 1.0}