{"Base Color": [0.2361056732336153, 0.42053952117860205, 0.06019507946871072, 1.0], "Subsurface": 0.32303536381490827, "Subsurface Radius": [0.4517010903439759, 0.9193680440326644, 0.30448535199815907], "Subsurface Color": [0.8095912411310878, 0.39255230640409133, 0.7306769325568937, 1.0], "Metallic": 0.26727445685139517, "Specular": 0.2877743279314746, "Specular Tint": 0.22084863820809353, "Roughness": 0.13162588752381776, "Anisotropic": 0.344984301094984, "Anisotropic Rotation": 0.34965299317466947, "Sheen": 0.25387081396439626, "Sheen Tint": 0.44420228248522386, "Clearcoat": 0.27898983522085674, "Clearcout Roughness": 0.9545859586815821, "IOR": 1.45, "Transmission": 0.9773568775920597, "Transmission Roughness": 0.49530234163152187, "Emission": [0.0, 0.0, 0.0, 1.0], "Alpha": 1.0}