{"Base Color": [0.035003525124923995, 0.06831044898561478, 0.7611743853740308, 1.0], "Subsurface": 0.48572013352576104, "Subsurface Radius": [0.2930780867946132, 0.8890753926248819, 0.8856479448057039], "Subsurface Color": [0.5507480531309882, 0.3574817513763944, 0.9238729584157724, 1.0], "Metallic": 0.9087159865866317, "Specular": 0.07978070088749367, "Specular Tint": 0.06334715542563174, "Roughness": 0.12140374067394488, "Anisotropic": 0.7497309516229278, "Anisotropic Rotation": 0.2201142394358505, "Sheen": 0.5156279456448879, "Sheen Tint": 0.8665360045693625, "Clearcoat": 0.5930781148011824, "Clearcout Roughness": 0.37610971796000936, "IOR": 1.45, "Transmission": 0.8056437741291984, "Transmission Roughness": 0.5237537970489987, "Emission": [0.0, 0.0, 0.0, 1.0], "Alpha": 1.0}