{"Base Color": [0.738918164988842, 0.5981458989462708, 0.690909817296189, 1.0], "Subsurface": 0.6947549032321984, "Subsurface Radius": [0.6233811417080233, 0.4780225407349842, 0.8487802639331179], "Subsurface Color": [0.18642241244827795, 0.7476130114477317, 0.26172771518067073, 1.0], "Metallic": 0.6194464162773664, "Specular": 0.4809877816763105, "Specular Tint": 0.7083342753984286, "Roughness": 0.8199332917304488, "Anisotropic": 0.02801048277059892, "Anisotropic Rotation": 0.28411605928810413, "Sheen": 0.6338687638752496, "Sheen Tint": 0.05595100865424296, "Clearcoat": 0.44507003722890637, "Clearcout Roughness": 0.6895944062967041, "IOR": 1.45, "Transmission": 0.06339023946662603, "Transmission Roughness": 0.0871718672701901, "Emission": [0.0, 0.0, 0.0, 1.0], "Alpha": 1.0}