{"Base Color": [0.20584536156862854, 0.31971128670184346, 0.8236821715257167, 1.0], "Subsurface": 0.4749570940905674, "Subsurface Radius": [0.07129791779351702, 0.48193015195875766, 0.9394872310144561], "Subsurface Color": [0.1346473958472688, 0.8135690532876027, 0.12419399733404379, 1.0], "Metallic": 0.8754034003875041, "Specular": 0.4286158432071927, "Specular Tint": 0.03166190935159008, "Roughness": 0.9169037828873158, "Anisotropic": 0.8541512019189079, "Anisotropic Rotation": 0.11452414606652417, "Sheen": 0.40573528685286364, "Sheen Tint": 0.4118259365282799, "Clearcoat": 0.17795758392945182, "Clearcout Roughness": 0.29815554768030716, "IOR": 1.45, "Transmission": 0.47927309486670366, "Transmission Roughness": 0.6099220927646725, "Emission": [0.0, 0.0, 0.0, 1.0], "Alpha": 1.0}