{"Base Color": [0.73916593666934, 0.24815493926943555, 0.46648286304227704, 1.0], "Subsurface": 0.9431616696637792, "Subsurface Radius": [0.43584871439460493, 0.08683599004006493, 0.5804885123219105], "Subsurface Color": [0.9225461931987212, 0.7749045377444495, 0.6283023354020746, 1.0], "Metallic": 0.7566119533451008, "Specular": 0.887022497495884, "Specular Tint": 0.9580183483985326, "Roughness": 0.5106014688377382, "Anisotropic": 0.16192788521542478, "Anisotropic Rotation": 0.3426157986505318, "Sheen": 0.9567248416453894, "Sheen Tint": 0.38655618635421507, "Clearcoat": 0.8517570758789441, "Clearcout Roughness": 0.24695548651304133, "IOR": 1.45, "Transmission": 0.23941414799368033, "Transmission Roughness": 0.10285323329815055, "Emission": [0.0, 0.0, 0.0, 1.0], "Alpha": 1.0}