{"Base Color": [0.09652002754062272, 0.4616231084442193, 0.0771587556496045, 1.0], "Subsurface": 0.39035820701664015, "Subsurface Radius": [0.36832890515484995, 0.7788671252327841, 0.7129534818601373], "Subsurface Color": [0.28125133171205774, 0.8739403990925818, 0.22221016224895584, 1.0], "Metallic": 0.9017830557953915, "Specular": 0.28116634581623834, "Specular Tint": 0.7742764329395544, "Roughness": 0.15861585896301655, "Anisotropic": 0.7083647960728316, "Anisotropic Rotation": 0.9810453208011407, "Sheen": 0.4854455310287106, "Sheen Tint": 0.8139159491641922, "Clearcoat": 0.57864144516754, "Clearcout Roughness": 0.3212150491803911, "IOR": 1.45, "Transmission": 0.9189277775923413, "Transmission Roughness": 0.07436883671432748, "Emission": [0.0, 0.0, 0.0, 1.0], "Alpha": 1.0}