{"Base Color": [0.6400001168512285, 0.6798697046889498, 0.9001146645722703, 1.0], "Subsurface": 0.1760508071426371, "Subsurface Radius": [0.7859230693576488, 0.4853593006732324, 0.7834473601692101], "Subsurface Color": [0.6787689589399607, 0.15426229090335597, 0.21473246502165955, 1.0], "Metallic": 0.8303238463631275, "Specular": 0.9170885626406448, "Specular Tint": 0.9225782294363735, "Roughness": 0.8046657099802852, "Anisotropic": 0.5247235918231812, "Anisotropic Rotation": 0.8285466197983316, "Sheen": 0.7983728642644804, "Sheen Tint": 0.5701180514466271, "Clearcoat": 0.5911503101065817, "Clearcout Roughness": 0.28886896281773844, "IOR": 1.45, "Transmission": 0.7155716385449566, "Transmission Roughness": 0.20506613893612635, "Emission": [0.0, 0.0, 0.0, 1.0], "Alpha": 1.0}