{"Base Color": [0.709763588425822, 0.18542668760215175, 0.42521854995556485, 1.0], "Subsurface": 0.02692155458740353, "Subsurface Radius": [0.22536920757651868, 0.5429253964989382, 0.6128759158854344], "Subsurface Color": [0.13703018322034777, 0.6974066626125569, 0.9253145887377727, 1.0], "Metallic": 0.22560781414946773, "Specular": 0.9455327408439044, "Specular Tint": 0.6730569179201731, "Roughness": 0.12172919295363305, "Anisotropic": 0.8341589248065696, "Anisotropic Rotation": 0.14590530817873426, "Sheen": 0.6842498138867287, "Sheen Tint": 0.14450735265588144, "Clearcoat": 0.5150046771436803, "Clearcout Roughness": 0.1554857967412302, "IOR": 1.45, "Transmission": 0.08825781536117394, "Transmission Roughness": 0.22259899802547445, "Emission": [0.0, 0.0, 0.0, 1.0], "Alpha": 1.0}