{"Base Color": [0.3753715980319249, 0.3008093780191776, 0.13740763951115842, 1.0], "Subsurface": 0.4376232533500394, "Subsurface Radius": [0.3419634681014617, 0.8234915256038241, 0.8541853684534353], "Subsurface Color": [0.8155490770502586, 0.826779975951407, 0.5388524842397517, 1.0], "Metallic": 0.5425949196287753, "Specular": 0.6078156558756029, "Specular Tint": 0.09649785422260548, "Roughness": 0.9133846000362391, "Anisotropic": 0.8302099049378147, "Anisotropic Rotation": 0.759618750282131, "Sheen": 0.9846731776908785, "Sheen Tint": 0.9608878246024074, "Clearcoat": 0.8220690051444638, "Clearcout Roughness": 0.9717555310498283, "IOR": 1.45, "Transmission": 0.24222053584976133, "Transmission Roughness": 0.9715829412618601, "Emission": [0.0, 0.0, 0.0, 1.0], "Alpha": 1.0}