{"Base Color": [0.16018564558763837, 0.47091199506071324, 0.3125485785452351, 1.0], "Subsurface": 0.9446610349332549, "Subsurface Radius": [0.47893045557969216, 0.6514928160604163, 0.2707933159307887], "Subsurface Color": [0.6600537614483559, 0.6109511453204208, 0.4123931007192606, 1.0], "Metallic": 0.40297890854283547, "Specular": 0.1939166823858507, "Specular Tint": 0.3170609029555531, "Roughness": 0.6552358184654339, "Anisotropic": 0.1075835250015662, "Anisotropic Rotation": 0.24860389702485297, "Sheen": 0.3894308701786249, "Sheen Tint": 0.8776439311873047, "Clearcoat": 0.11172632299962804, "Clearcout Roughness": 0.8402208121152899, "IOR": 1.45, "Transmission": 0.7953053836498158, "Transmission Roughness": 0.06860902463233509, "Emission": [0.0, 0.0, 0.0, 1.0], "Alpha": 1.0}