{"Base Color": [0.8746771939835156, 0.1042659795894505, 0.5183829307448706, 1.0], "Subsurface": 0.8244617523850769, "Subsurface Radius": [0.901030393620583, 0.11861214284338029, 0.7539303337847257], "Subsurface Color": [0.02538582039322823, 0.6892008575125605, 0.0692696859848384, 1.0], "Metallic": 0.22240202245068585, "Specular": 0.5640728247569257, "Specular Tint": 0.5105540016608726, "Roughness": 0.5343604480790763, "Anisotropic": 0.1621281626519261, "Anisotropic Rotation": 0.9053565902548716, "Sheen": 0.511326063275314, "Sheen Tint": 0.7058563781854564, "Clearcoat": 0.5162388120264806, "Clearcout Roughness": 0.9788712709875592, "IOR": 1.45, "Transmission": 0.12043462491491674, "Transmission Roughness": 0.3868208158073151, "Emission": [0.0, 0.0, 0.0, 1.0], "Alpha": 1.0}