{"Base Color": [0.9595101739739333, 0.8682908677099918, 0.3498930710418574, 1.0], "Subsurface": 0.5077450095654215, "Subsurface Radius": [0.6750371487608344, 0.772409634371724, 0.9357007994827095], "Subsurface Color": [0.5178857519201685, 0.42249365117610005, 0.05454071368084168, 1.0], "Metallic": 0.45575846350013594, "Specular": 0.9774187222107306, "Specular Tint": 0.4034935047783914, "Roughness": 0.3596348400710794, "Anisotropic": 0.8513860972449996, "Anisotropic Rotation": 0.2587310277474393, "Sheen": 0.9326174346586947, "Sheen Tint": 0.4178945391399018, "Clearcoat": 0.22685366100202498, "Clearcout Roughness": 0.33570631779131754, "IOR": 1.45, "Transmission": 0.8540677561353166, "Transmission Roughness": 0.1119257746147162, "Emission": [0.0, 0.0, 0.0, 1.0], "Alpha": 1.0}