{"Base Color": [0.7738737051202272, 0.33140426860805583, 0.26177751778564273, 1.0], "Subsurface": 0.5074885894726423, "Subsurface Radius": [0.16645754295640647, 0.653526834771084, 0.49682737914900843], "Subsurface Color": [0.9816621452091637, 0.37771198079171575, 0.3072557182703328, 1.0], "Metallic": 0.7803650466125386, "Specular": 0.6215863038053926, "Specular Tint": 0.06485958635256261, "Roughness": 0.4486534655876684, "Anisotropic": 0.9360977658277058, "Anisotropic Rotation": 0.12275440273370486, "Sheen": 0.8057690706516628, "Sheen Tint": 0.7938884747086217, "Clearcoat": 0.7533862828228576, "Clearcout Roughness": 0.4306650500659047, "IOR": 1.45, "Transmission": 0.2154486732748987, "Transmission Roughness": 0.3757465770359618, "Emission": [0.0, 0.0, 0.0, 1.0], "Alpha": 1.0}