{"Base Color": [0.6818964904596145, 0.5355449756157283, 0.7725186624443846, 1.0], "Subsurface": 0.6623165336814609, "Subsurface Radius": [0.7422132649461721, 0.9897521036292756, 0.3027145287072409], "Subsurface Color": [0.8912219112832136, 0.6067938485006911, 0.10060822655669988, 1.0], "Metallic": 0.343423579167242, "Specular": 0.11301842423341157, "Specular Tint": 0.7509605500503653, "Roughness": 0.30762775873433457, "Anisotropic": 0.2362900902584506, "Anisotropic Rotation": 0.7420222679039362, "Sheen": 0.08479197548794648, "Sheen Tint": 0.7414183789400265, "Clearcoat": 0.8865465013803545, "Clearcout Roughness": 0.2757625320960366, "IOR": 1.45, "Transmission": 0.31598489440146216, "Transmission Roughness": 0.0727302824311229, "Emission": [0.0, 0.0, 0.0, 1.0], "Alpha": 1.0}