{"Base Color": [0.7437680917577205, 0.8875842300092585, 0.48712863144116036, 1.0], "Subsurface": 0.31465475463544823, "Subsurface Radius": [0.4958174024523153, 0.2854492114797893, 0.47653510846022695], "Subsurface Color": [0.4286571860125359, 0.9263868958237632, 0.7184367355718444, 1.0], "Metallic": 0.829969513687732, "Specular": 0.2084743103498854, "Specular Tint": 0.5708054846699662, "Roughness": 0.8024551257926439, "Anisotropic": 0.9307291604194544, "Anisotropic Rotation": 0.5363710923710359, "Sheen": 0.29637740534498513, "Sheen Tint": 0.5158867365444475, "Clearcoat": 0.16121375307275843, "Clearcout Roughness": 0.9419377846517276, "IOR": 1.45, "Transmission": 0.3023323740234378, "Transmission Roughness": 0.8189823736449829, "Emission": [0.0, 0.0, 0.0, 1.0], "Alpha": 1.0}