{"Base Color": [0.9016039052666256, 0.8650919704136708, 0.44795137412730546, 1.0], "Subsurface": 0.6612264795103237, "Subsurface Radius": [0.7675104619018337, 0.5507424255998242, 0.6108740231398571], "Subsurface Color": [0.4760436441623419, 0.9414751420957815, 0.3451385705636665, 1.0], "Metallic": 0.21372350174131816, "Specular": 0.5864156907170741, "Specular Tint": 0.43551519713732545, "Roughness": 0.5720285410273382, "Anisotropic": 0.16994468150011033, "Anisotropic Rotation": 0.9080390151809089, "Sheen": 0.8989654452349165, "Sheen Tint": 0.39819766534344936, "Clearcoat": 0.9027285352243124, "Clearcout Roughness": 0.8212144450602237, "IOR": 1.45, "Transmission": 0.22635683663912642, "Transmission Roughness": 0.7127795271743866, "Emission": [0.0, 0.0, 0.0, 1.0], "Alpha": 1.0}