{"Base Color": [0.8282537910115435, 0.3712387032287562, 0.9442758269319044, 1.0], "Subsurface": 0.034016208713822715, "Subsurface Radius": [0.9117105212974477, 0.07260804162536827, 0.5509158578734731], "Subsurface Color": [0.5082318154728162, 0.5933398849833927, 0.4867442607792153, 1.0], "Metallic": 0.8960465338872874, "Specular": 0.9028583108732172, "Specular Tint": 0.2383832815177216, "Roughness": 0.49259957145894173, "Anisotropic": 0.1985652278092478, "Anisotropic Rotation": 0.8454742776635211, "Sheen": 0.49052928243765115, "Sheen Tint": 0.10093998309673136, "Clearcoat": 0.6403263567427302, "Clearcout Roughness": 0.3893339653485801, "IOR": 1.45, "Transmission": 0.3408502616452126, "Transmission Roughness": 0.576757780398169, "Emission": [0.0, 0.0, 0.0, 1.0], "Alpha": 1.0}