{"Base Color": [0.7697301518333514, 0.09647205748579746, 0.2753530490640491, 1.0], "Subsurface": 0.9473668691649704, "Subsurface Radius": [0.8100219771472288, 0.8473943504803748, 0.5470473522595775], "Subsurface Color": [0.8452331795411064, 0.04110904595856468, 0.22238039611808047, 1.0], "Metallic": 0.04774328391431637, "Specular": 0.9819806313342707, "Specular Tint": 0.7875997524895061, "Roughness": 0.4555539151228821, "Anisotropic": 0.14839936768413886, "Anisotropic Rotation": 0.16734379697476398, "Sheen": 0.9600902080331325, "Sheen Tint": 0.5927024939207399, "Clearcoat": 0.052943726755018905, "Clearcout Roughness": 0.3520727910952197, "IOR": 1.45, "Transmission": 0.46727305100498484, "Transmission Roughness": 0.28455574885257484, "Emission": [0.0, 0.0, 0.0, 1.0], "Alpha": 1.0}