{"Base Color": [0.7680723372638296, 0.24865197844806564, 0.37305135167445946, 1.0], "Subsurface": 0.9322750244782898, "Subsurface Radius": [0.3578922870119484, 0.5237311392258167, 0.1623281869733738], "Subsurface Color": [0.12233479914615886, 0.6202505898704395, 0.7366470984279595, 1.0], "Metallic": 0.5962803362712752, "Specular": 0.6918293216881238, "Specular Tint": 0.031175462240920826, "Roughness": 0.9864658813866269, "Anisotropic": 0.3969025144113819, "Anisotropic Rotation": 0.24972766719225215, "Sheen": 0.43859325170687335, "Sheen Tint": 0.43981612259774405, "Clearcoat": 0.5301638371091096, "Clearcout Roughness": 0.6636251680489598, "IOR": 1.45, "Transmission": 0.8650383692188451, "Transmission Roughness": 0.9427488080218406, "Emission": [0.0, 0.0, 0.0, 1.0], "Alpha": 1.0}