{"Base Color": [0.2822039866436674, 0.07707903637065516, 0.0830514221840487, 1.0], "Subsurface": 0.8646800864963182, "Subsurface Radius": [0.041113868757393535, 0.882302260665731, 0.022777130414661784], "Subsurface Color": [0.9654243303960716, 0.779412625813007, 0.8568370698590585, 1.0], "Metallic": 0.7458260461376958, "Specular": 0.8956887900954278, "Specular Tint": 0.3073658675753226, "Roughness": 0.8177389926129306, "Anisotropic": 0.2849876981503521, "Anisotropic Rotation": 0.43452419174952694, "Sheen": 0.8663141104918551, "Sheen Tint": 0.5334517284904488, "Clearcoat": 0.9791015928508761, "Clearcout Roughness": 0.94828890994892, "IOR": 1.45, "Transmission": 0.29066765738495015, "Transmission Roughness": 0.9348129570684248, "Emission": [0.0, 0.0, 0.0, 1.0], "Alpha": 1.0}