{"Base Color": [0.3730379795705443, 0.529220829454677, 0.0229169403570878, 1.0], "Subsurface": 0.42449614011084225, "Subsurface Radius": [0.35526040151942295, 0.6496956017368006, 0.26436476245376817], "Subsurface Color": [0.6820693780211375, 0.00958534719258708, 0.5084175988218333, 1.0], "Metallic": 0.4713038408302427, "Specular": 0.21636421068559109, "Specular Tint": 0.1460403850584162, "Roughness": 0.7937873439414116, "Anisotropic": 0.3807046732672549, "Anisotropic Rotation": 0.5162278324459064, "Sheen": 0.5889284748425694, "Sheen Tint": 0.46044123001828374, "Clearcoat": 0.9600652975454264, "Clearcout Roughness": 0.7057098927473292, "IOR": 1.45, "Transmission": 0.8657191525223166, "Transmission Roughness": 0.7650391473682173, "Emission": [0.0, 0.0, 0.0, 1.0], "Alpha": 1.0}