{"Base Color": [0.46274882544243223, 0.3171852080142089, 0.1018028580580792, 1.0], "Subsurface": 0.24403502281107614, "Subsurface Radius": [0.47411496625597327, 0.9027587968459165, 0.22174804533312975], "Subsurface Color": [0.6233627370921379, 0.10349778796971798, 0.0457148813214745, 1.0], "Metallic": 0.9573441260924457, "Specular": 0.3710662147301005, "Specular Tint": 0.8752753531885952, "Roughness": 0.011650641482759627, "Anisotropic": 0.44770043590839226, "Anisotropic Rotation": 0.7551549198520787, "Sheen": 0.685607452156803, "Sheen Tint": 0.07273274528409579, "Clearcoat": 0.14927301998265208, "Clearcout Roughness": 0.08647180264201826, "IOR": 1.45, "Transmission": 0.9052620047018526, "Transmission Roughness": 0.9774940695628107, "Emission": [0.0, 0.0, 0.0, 1.0], "Alpha": 1.0}