{"Base Color": [0.37667275707556014, 0.27751983863667573, 0.23307046071086712, 1.0], "Subsurface": 0.7787132752851381, "Subsurface Radius": [0.8316641955721293, 0.47648324732269187, 0.7865671516314237], "Subsurface Color": [0.932045217115831, 0.4539936763045228, 0.03700736116567549, 1.0], "Metallic": 0.5459671342164651, "Specular": 0.5412062568502676, "Specular Tint": 0.3810337449522505, "Roughness": 0.6447375712069789, "Anisotropic": 0.43355542902437094, "Anisotropic Rotation": 0.629096886381836, "Sheen": 0.4218199726786588, "Sheen Tint": 0.9217505429197013, "Clearcoat": 0.15619041620222196, "Clearcout Roughness": 0.44385492987607744, "IOR": 1.45, "Transmission": 0.186048309862906, "Transmission Roughness": 0.5451309382892816, "Emission": [0.0, 0.0, 0.0, 1.0], "Alpha": 1.0}