{"Base Color": [0.08891823724527004, 0.18691165718490232, 0.17030598874994007, 1.0], "Subsurface": 0.2461549508557639, "Subsurface Radius": [0.28512624262463393, 0.07474106258666313, 0.04999526830853618], "Subsurface Color": [0.8516019639839195, 0.5422461648873814, 0.43118890155924194, 1.0], "Metallic": 0.10108217604733005, "Specular": 0.8040009701523647, "Specular Tint": 0.05336249986119557, "Roughness": 0.2603445688069862, "Anisotropic": 0.039045515598939096, "Anisotropic Rotation": 0.9182195240609012, "Sheen": 0.03674514332472567, "Sheen Tint": 0.8015610540005823, "Clearcoat": 0.7829624878205185, "Clearcout Roughness": 0.49040887642096476, "IOR": 1.45, "Transmission": 0.29619660063694286, "Transmission Roughness": 0.7068647063834491, "Emission": [0.0, 0.0, 0.0, 1.0], "Alpha": 1.0}