{"Base Color": [0.8011826184155159, 0.5190405947425714, 0.37460023817022037, 1.0], "Subsurface": 0.9833195860375507, "Subsurface Radius": [0.7166000695926088, 0.2247525687140518, 0.409961361039867], "Subsurface Color": [0.5382849313437611, 0.5781411297773692, 0.7761555437645486, 1.0], "Metallic": 0.5681890674142289, "Specular": 0.8424708828047586, "Specular Tint": 0.596309394755186, "Roughness": 0.6273849444670174, "Anisotropic": 0.33264020275120754, "Anisotropic Rotation": 0.10191467592519299, "Sheen": 0.8285319031469897, "Sheen Tint": 0.12082563970196758, "Clearcoat": 0.005089719428651662, "Clearcout Roughness": 0.7836524566642323, "IOR": 1.45, "Transmission": 0.45904333071873205, "Transmission Roughness": 0.5682357301118207, "Emission": [0.0, 0.0, 0.0, 1.0], "Alpha": 1.0}