{"Base Color": [0.302580563080712, 0.10543825953952113, 0.8870085808784738, 1.0], "Subsurface": 0.9520070672663488, "Subsurface Radius": [0.8158915321408675, 0.19948081932891493, 0.13414638615543284], "Subsurface Color": [0.5352837849569473, 0.5697309096958658, 0.08508813653258895, 1.0], "Metallic": 0.5747594540327756, "Specular": 0.543115682474069, "Specular Tint": 0.7562493509542674, "Roughness": 0.6052983749291407, "Anisotropic": 0.33902226661777246, "Anisotropic Rotation": 0.49902917728895146, "Sheen": 0.6288053399578185, "Sheen Tint": 0.5377413895768016, "Clearcoat": 0.8587218884812716, "Clearcout Roughness": 0.1795838412225983, "IOR": 1.45, "Transmission": 0.9648726678919929, "Transmission Roughness": 0.03966170881846087, "Emission": [0.0, 0.0, 0.0, 1.0], "Alpha": 1.0}