{"Base Color": [0.40314092636676313, 0.6033371750626286, 0.11221423254929486, 1.0], "Subsurface": 0.07702110861177736, "Subsurface Radius": [0.9823573557145538, 0.056345518672600625, 0.028430312473328945], "Subsurface Color": [0.9079234590851631, 0.4558663887500811, 0.8147516001596288, 1.0], "Metallic": 0.6124799913470879, "Specular": 0.6702090114106992, "Specular Tint": 0.6200161859762792, "Roughness": 0.4944488471512055, "Anisotropic": 0.15048150644872105, "Anisotropic Rotation": 0.9229578826825359, "Sheen": 0.521756820242173, "Sheen Tint": 0.8581819419001111, "Clearcoat": 0.871668206926337, "Clearcout Roughness": 0.740218146518614, "IOR": 1.45, "Transmission": 0.38542297240200984, "Transmission Roughness": 0.6811781672554367, "Emission": [0.0, 0.0, 0.0, 1.0], "Alpha": 1.0}