{"Base Color": [0.33328860051752895, 0.5229379761111225, 0.9096142832172052, 1.0], "Subsurface": 0.3571773184460165, "Subsurface Radius": [0.8478395685652546, 0.6795067546422945, 0.9486976078493325], "Subsurface Color": [0.6541113593842324, 0.26896918680971715, 0.755118235679352, 1.0], "Metallic": 0.6793708474577229, "Specular": 0.04765064404533481, "Specular Tint": 0.8876346980583782, "Roughness": 0.7148388241002404, "Anisotropic": 0.8568915711692988, "Anisotropic Rotation": 0.4878149114881437, "Sheen": 0.1736240086836437, "Sheen Tint": 0.416117693787339, "Clearcoat": 0.883182593292415, "Clearcout Roughness": 0.9990162687230973, "IOR": 1.45, "Transmission": 0.17331044946719354, "Transmission Roughness": 0.7527948418098668, "Emission": [0.0, 0.0, 0.0, 1.0], "Alpha": 1.0}