{"Base Color": [0.04186110445049851, 0.5963411290484082, 0.4447890822181636, 1.0], "Subsurface": 0.9505731797652925, "Subsurface Radius": [0.39648373640680157, 0.9927335833580709, 0.5735885319956914], "Subsurface Color": [0.9149988206872801, 0.4919971925213885, 0.3568104303440295, 1.0], "Metallic": 0.6154984373204777, "Specular": 0.6750332336681181, "Specular Tint": 0.7100444528070838, "Roughness": 0.7324113224850215, "Anisotropic": 0.5546055880124308, "Anisotropic Rotation": 0.2103028057596854, "Sheen": 0.3726250932313151, "Sheen Tint": 0.10611387897840363, "Clearcoat": 0.9223209838418334, "Clearcout Roughness": 0.6300430638985911, "IOR": 1.45, "Transmission": 0.480447504049888, "Transmission Roughness": 0.2998523672618515, "Emission": [0.0, 0.0, 0.0, 1.0], "Alpha": 1.0}