{"Base Color": [0.42480563306447283, 0.7432485778392705, 0.8899533661788658, 1.0], "Subsurface": 0.33296339022624066, "Subsurface Radius": [0.3564248381411048, 0.8642735807498, 0.6734150845508541], "Subsurface Color": [0.4611092898259457, 0.40847157926998623, 0.16149724884281957, 1.0], "Metallic": 0.17130955654301394, "Specular": 0.32354347959332097, "Specular Tint": 0.8035436183801155, "Roughness": 0.0005944294352600021, "Anisotropic": 0.9366720684840492, "Anisotropic Rotation": 0.33185692020430213, "Sheen": 0.544373124139631, "Sheen Tint": 0.8528902143007485, "Clearcoat": 0.6098835114426164, "Clearcout Roughness": 0.13121243052316545, "IOR": 1.45, "Transmission": 0.22418750778996022, "Transmission Roughness": 0.40961612039310813, "Emission": [0.0, 0.0, 0.0, 1.0], "Alpha": 1.0}