{"Base Color": [0.9660863808068332, 0.6341343601084253, 0.7915427526969199, 1.0], "Subsurface": 0.1306680887428906, "Subsurface Radius": [0.4634351760290465, 0.2892359774003155, 0.9681530316377398], "Subsurface Color": [0.89990684662197, 0.5000216405835698, 0.8798539283855312, 1.0], "Metallic": 0.37512215407602323, "Specular": 0.008597572105836004, "Specular Tint": 0.763217951248639, "Roughness": 0.08524468383734185, "Anisotropic": 0.3149403922621249, "Anisotropic Rotation": 0.45621004467881654, "Sheen": 0.5190992475930014, "Sheen Tint": 0.005922542966968258, "Clearcoat": 0.7223353124483748, "Clearcout Roughness": 0.7776982526439997, "IOR": 1.45, "Transmission": 0.7807532360978807, "Transmission Roughness": 0.7802059065517618, "Emission": [0.0, 0.0, 0.0, 1.0], "Alpha": 1.0}