{"Base Color": [0.6902929946692767, 0.23862791288010954, 0.8142505854539068, 1.0], "Subsurface": 0.5359570430061082, "Subsurface Radius": [0.23626986159443064, 0.5938946145617152, 0.2009628048611929], "Subsurface Color": [0.6759184928032658, 0.8028003403337263, 0.6468999841802486, 1.0], "Metallic": 0.8391650035745276, "Specular": 0.04874406290667177, "Specular Tint": 0.47829385542002223, "Roughness": 0.2820145176528248, "Anisotropic": 0.6577080572112913, "Anisotropic Rotation": 0.4428093528693301, "Sheen": 0.3654841016899085, "Sheen Tint": 0.2720325206572045, "Clearcoat": 0.7085250002309014, "Clearcout Roughness": 0.7608516639384821, "IOR": 1.45, "Transmission": 0.3237345271216754, "Transmission Roughness": 0.48525392205818585, "Emission": [0.0, 0.0, 0.0, 1.0], "Alpha": 1.0}