{"Base Color": [0.17497257311124093, 0.25647597498049124, 0.7793050604277849, 1.0], "Subsurface": 0.9444476719214704, "Subsurface Radius": [0.007960765810669956, 0.22398253376733146, 0.06807546424886124], "Subsurface Color": [0.6104246009330145, 0.09522570777810135, 0.25816265685052564, 1.0], "Metallic": 0.026094600713437388, "Specular": 0.2857590212008988, "Specular Tint": 0.8351372626794612, "Roughness": 0.5586002094005225, "Anisotropic": 0.9585125426744165, "Anisotropic Rotation": 0.31196752261380034, "Sheen": 0.6020258490354594, "Sheen Tint": 0.6855822921014157, "Clearcoat": 0.1650099644137092, "Clearcout Roughness": 0.9173404150930927, "IOR": 1.45, "Transmission": 0.2047116740221654, "Transmission Roughness": 0.22418124455145927, "Emission": [0.0, 0.0, 0.0, 1.0], "Alpha": 1.0}