{"Base Color": [0.27511176449581687, 0.15610521361587293, 0.6096779401070953, 1.0], "Subsurface": 0.15089236620966984, "Subsurface Radius": [0.21084695700254363, 0.6030861370340052, 0.47510201946467556], "Subsurface Color": [0.5140717445971766, 0.9111765940735319, 0.9683817273394503, 1.0], "Metallic": 0.09163510455047719, "Specular": 0.1993441134420746, "Specular Tint": 0.050601245174097365, "Roughness": 0.08436047227881827, "Anisotropic": 0.625857657339234, "Anisotropic Rotation": 0.01696569281224436, "Sheen": 0.5700037505175101, "Sheen Tint": 0.9197552935829136, "Clearcoat": 0.4600477519226749, "Clearcout Roughness": 0.8912895811118624, "IOR": 1.45, "Transmission": 0.7236419869909199, "Transmission Roughness": 0.7424388513674042, "Emission": [0.0, 0.0, 0.0, 1.0], "Alpha": 1.0}