{"Base Color": [0.06510005195940938, 0.5927362591555861, 0.07504264221502932, 1.0], "Subsurface": 0.34988157294105016, "Subsurface Radius": [0.8562010264771944, 0.38456503028757927, 0.016921287273298002], "Subsurface Color": [0.461011293855749, 0.31397394886228913, 0.9689659078774994, 1.0], "Metallic": 0.431980563366794, "Specular": 0.6361808569509979, "Specular Tint": 0.8944862654708533, "Roughness": 0.9201316827954762, "Anisotropic": 0.03447703623764686, "Anisotropic Rotation": 0.004275113044472478, "Sheen": 0.05246212298671393, "Sheen Tint": 0.5429580105914491, "Clearcoat": 0.41242972210436113, "Clearcout Roughness": 0.968760640443219, "IOR": 1.45, "Transmission": 0.29001247138748965, "Transmission Roughness": 0.943257590456277, "Emission": [0.0, 0.0, 0.0, 1.0], "Alpha": 1.0}