{"Base Color": [0.49066202405596737, 0.9214886953197117, 0.21585892617426583, 1.0], "Subsurface": 0.3621016698062367, "Subsurface Radius": [0.654948581546099, 0.9282051195768294, 0.823398341794584], "Subsurface Color": [0.9675482176425608, 0.12182443050720881, 0.29133548174276813, 1.0], "Metallic": 0.3920777125950544, "Specular": 0.0798771429764793, "Specular Tint": 0.4992666082136328, "Roughness": 0.40429860689718977, "Anisotropic": 0.48604214321052164, "Anisotropic Rotation": 0.662089571913588, "Sheen": 0.5289639510084118, "Sheen Tint": 0.8877392876836946, "Clearcoat": 0.535611445402075, "Clearcout Roughness": 0.37613111633253604, "IOR": 1.45, "Transmission": 0.2803167234339835, "Transmission Roughness": 0.1940536813163286, "Emission": [0.0, 0.0, 0.0, 1.0], "Alpha": 1.0}