{"Base Color": [0.9808813984692082, 0.3280492846532814, 0.2525965234152925, 1.0], "Subsurface": 0.9942200818724418, "Subsurface Radius": [0.6278847681185101, 0.4481367814426258, 0.4556376563560802], "Subsurface Color": [0.6418878410891657, 0.13985752753115743, 0.75108070083843, 1.0], "Metallic": 0.37328065943475297, "Specular": 0.42145911660869395, "Specular Tint": 0.27034042490716437, "Roughness": 0.44300776772987105, "Anisotropic": 0.3938934070971447, "Anisotropic Rotation": 0.6738255701362031, "Sheen": 0.9888566552481615, "Sheen Tint": 0.5186756521233988, "Clearcoat": 0.5382734683496729, "Clearcout Roughness": 0.7379967225965434, "IOR": 1.45, "Transmission": 0.699775946943972, "Transmission Roughness": 0.7068233717513381, "Emission": [0.0, 0.0, 0.0, 1.0], "Alpha": 1.0}