{"Base Color": [0.6728483123854168, 0.5901469501829848, 0.7469969509753648, 1.0], "Subsurface": 0.8698172480766968, "Subsurface Radius": [0.6673562447577698, 0.9185896350726187, 0.9104501669488418], "Subsurface Color": [0.566543001152023, 0.48098968843569223, 0.7068621590141047, 1.0], "Metallic": 0.5353632266941765, "Specular": 0.8876381258136098, "Specular Tint": 0.7657652592782918, "Roughness": 0.817221311637753, "Anisotropic": 0.4271245827164174, "Anisotropic Rotation": 0.8352611908312898, "Sheen": 0.09513046085629961, "Sheen Tint": 0.7348348221715543, "Clearcoat": 0.9783109961558328, "Clearcout Roughness": 0.9063023552748172, "IOR": 1.45, "Transmission": 0.46602053699252766, "Transmission Roughness": 0.1371403005900389, "Emission": [0.0, 0.0, 0.0, 1.0], "Alpha": 1.0}