{"Base Color": [0.800935381304618, 0.7683961904682132, 0.8603610146941953, 1.0], "Subsurface": 0.7558610984394107, "Subsurface Radius": [0.41476661500462664, 0.35081681008628884, 0.842902634824912], "Subsurface Color": [0.9766898268332508, 0.7839697568766921, 0.9123725397382175, 1.0], "Metallic": 0.16274776547278147, "Specular": 0.46605403057204786, "Specular Tint": 0.29372729883836146, "Roughness": 0.4467867111070233, "Anisotropic": 0.48912788012917074, "Anisotropic Rotation": 0.3350013566325162, "Sheen": 0.3907875355527164, "Sheen Tint": 0.2144491840130346, "Clearcoat": 0.011213309965590557, "Clearcout Roughness": 0.29986602383475336, "IOR": 1.45, "Transmission": 0.14577362689910456, "Transmission Roughness": 0.23834521797178143, "Emission": [0.0, 0.0, 0.0, 1.0], "Alpha": 1.0}