{"Base Color": [0.2160367084062509, 0.7439219962471904, 0.548222633840794, 1.0], "Subsurface": 0.586299421683119, "Subsurface Radius": [0.3987177036217944, 0.6168727778409769, 0.44398133619663527], "Subsurface Color": [0.021578773458181377, 0.04390550584273045, 0.6941574091577651, 1.0], "Metallic": 0.7653867359757647, "Specular": 0.4655316103297509, "Specular Tint": 0.1684415131958158, "Roughness": 0.8434886472506288, "Anisotropic": 0.9360022479551022, "Anisotropic Rotation": 0.9760809578929486, "Sheen": 0.2552165947059859, "Sheen Tint": 0.9173486464142364, "Clearcoat": 0.5907702604137423, "Clearcout Roughness": 0.893784680623707, "IOR": 1.45, "Transmission": 0.2844736604934245, "Transmission Roughness": 0.03436469690090149, "Emission": [0.0, 0.0, 0.0, 1.0], "Alpha": 1.0}