{"Base Color": [0.6178461889294312, 0.7061074510245472, 0.7346627726926176, 1.0], "Subsurface": 0.07237182517122742, "Subsurface Radius": [0.3646591091197603, 0.7900509595176903, 0.02667733907615577], "Subsurface Color": [0.10781740742493218, 0.5843785424259401, 0.7234896826393371, 1.0], "Metallic": 0.1058218575967047, "Specular": 0.5212479843385801, "Specular Tint": 0.47385684138391904, "Roughness": 0.6425699938870014, "Anisotropic": 0.7559748212825914, "Anisotropic Rotation": 0.3499153279392071, "Sheen": 0.7770108364080539, "Sheen Tint": 0.8865904854820984, "Clearcoat": 0.6883813724981974, "Clearcout Roughness": 0.850423564706649, "IOR": 1.45, "Transmission": 0.38909838241254935, "Transmission Roughness": 0.3783671584942606, "Emission": [0.0, 0.0, 0.0, 1.0], "Alpha": 1.0}