{"Base Color": [0.20708322033912685, 0.8926584531924288, 0.338753766429592, 1.0], "Subsurface": 0.1461802819465805, "Subsurface Radius": [0.5339192233094233, 0.5335480529993685, 0.9245903444345831], "Subsurface Color": [0.6294987469138213, 0.8142372318570658, 0.3558583312924314, 1.0], "Metallic": 0.5342429400235634, "Specular": 0.6027867044196512, "Specular Tint": 0.6459243717316848, "Roughness": 0.6882521115905446, "Anisotropic": 0.8034398083323543, "Anisotropic Rotation": 0.12542621235194262, "Sheen": 0.8190867204053548, "Sheen Tint": 0.616907946382866, "Clearcoat": 0.5175752492317093, "Clearcout Roughness": 0.10293726746484033, "IOR": 1.45, "Transmission": 0.7983559012995696, "Transmission Roughness": 0.7286902413705677, "Emission": [0.0, 0.0, 0.0, 1.0], "Alpha": 1.0}