{"Base Color": [0.8795619866220609, 0.9714452771265745, 0.5430940754139081, 1.0], "Subsurface": 0.34121231506045535, "Subsurface Radius": [0.4330094843679123, 0.6111318925670924, 0.23165401364022098], "Subsurface Color": [0.7344546070087138, 0.9595010223184223, 0.36508462182773527, 1.0], "Metallic": 0.2604711580321194, "Specular": 0.11805034082710619, "Specular Tint": 0.32047533391496974, "Roughness": 0.9902963584061996, "Anisotropic": 0.34531101695805955, "Anisotropic Rotation": 0.3692240054422453, "Sheen": 0.40707902541676855, "Sheen Tint": 0.6163181584411362, "Clearcoat": 0.33298095890535295, "Clearcout Roughness": 0.9320224440162428, "IOR": 1.45, "Transmission": 0.7995928185002901, "Transmission Roughness": 0.8905125519809135, "Emission": [0.0, 0.0, 0.0, 1.0], "Alpha": 1.0}