{"Base Color": [0.5652203777511376, 0.6314355025370085, 0.28416373139065165, 1.0], "Subsurface": 0.9803762510188301, "Subsurface Radius": [0.34795246211073316, 0.3867993701449334, 0.0036665131687873], "Subsurface Color": [0.2184987140379342, 0.8268124507012401, 0.9749436934777918, 1.0], "Metallic": 0.8066874558046782, "Specular": 0.8970311471443526, "Specular Tint": 0.2792003816596895, "Roughness": 0.4645801931519501, "Anisotropic": 0.6131125725012341, "Anisotropic Rotation": 0.985107366222372, "Sheen": 0.6513944383969745, "Sheen Tint": 0.19573092508724754, "Clearcoat": 0.4397549465767001, "Clearcout Roughness": 0.9624736682668393, "IOR": 1.45, "Transmission": 0.5688792160112581, "Transmission Roughness": 0.18210778029213248, "Emission": [0.0, 0.0, 0.0, 1.0], "Alpha": 1.0}