{"Base Color": [0.9559770399812161, 0.17807958547703917, 0.5874179147551297, 1.0], "Subsurface": 0.028379383149533366, "Subsurface Radius": [0.3994453681226784, 0.11228721270131337, 0.4989268538485413], "Subsurface Color": [0.04088485658981189, 0.30211528146706357, 0.9773777480072123, 1.0], "Metallic": 0.7322807341565422, "Specular": 0.5884167785825282, "Specular Tint": 0.15267784748727775, "Roughness": 0.15239345029551477, "Anisotropic": 0.17104297958850212, "Anisotropic Rotation": 0.16874586216632226, "Sheen": 0.5797045419635286, "Sheen Tint": 0.4244070335971023, "Clearcoat": 0.1307984468832215, "Clearcout Roughness": 0.14648454834192992, "IOR": 1.45, "Transmission": 0.9606210623353858, "Transmission Roughness": 0.9612834191858108, "Emission": [0.0, 0.0, 0.0, 1.0], "Alpha": 1.0}