{"Base Color": [0.22725615752724915, 0.6929051459258011, 0.7690934081846005, 1.0], "Subsurface": 0.13735133610734096, "Subsurface Radius": [0.35219220590233924, 0.2503116145630728, 0.6706428965301775], "Subsurface Color": [0.554299147061227, 0.40149646641739345, 0.08283179832519783, 1.0], "Metallic": 0.5483593905114457, "Specular": 0.7527204730447772, "Specular Tint": 0.29400244588216073, "Roughness": 0.4490249287291016, "Anisotropic": 0.9244693110446687, "Anisotropic Rotation": 0.7789528274336472, "Sheen": 0.5667682814540504, "Sheen Tint": 0.3553156376899035, "Clearcoat": 0.07759905363304687, "Clearcout Roughness": 0.7890450747814913, "IOR": 1.45, "Transmission": 0.7346714203818888, "Transmission Roughness": 0.6867069950408677, "Emission": [0.0, 0.0, 0.0, 1.0], "Alpha": 1.0}