{"Base Color": [0.10155583435636173, 0.9228759620509601, 0.4609971873520309, 1.0], "Subsurface": 0.985035555967485, "Subsurface Radius": [0.2879675050511752, 0.017631471558431033, 0.42279233188268905], "Subsurface Color": [0.02782827753756545, 0.8808506469308233, 0.15702195481236148, 1.0], "Metallic": 0.7704923232128581, "Specular": 0.5148729273535861, "Specular Tint": 0.45927585514338254, "Roughness": 0.6372938939206184, "Anisotropic": 0.7179345147281339, "Anisotropic Rotation": 0.7837291940196665, "Sheen": 0.807683432171198, "Sheen Tint": 0.4461982703025581, "Clearcoat": 0.3986765674530304, "Clearcout Roughness": 0.9365914210358657, "IOR": 1.45, "Transmission": 0.7044869351530825, "Transmission Roughness": 0.35790356374095733, "Emission": [0.0, 0.0, 0.0, 1.0], "Alpha": 1.0}