{"Base Color": [0.4739104586270997, 0.5936479035835788, 0.9091789961597891, 1.0], "Subsurface": 0.6386961377513144, "Subsurface Radius": [0.7611597869049769, 0.46728607662167065, 0.9206186933696611], "Subsurface Color": [0.3356348033822242, 0.7659681032895014, 0.20469351170797623, 1.0], "Metallic": 0.9730045376603651, "Specular": 0.12204119952177894, "Specular Tint": 0.7354972607909038, "Roughness": 0.3051897051109842, "Anisotropic": 0.0775021746178105, "Anisotropic Rotation": 0.5238464187407906, "Sheen": 0.8750556805598702, "Sheen Tint": 0.9470368538908073, "Clearcoat": 0.3389412457227623, "Clearcout Roughness": 0.0005837137585474883, "IOR": 1.45, "Transmission": 0.607746265720198, "Transmission Roughness": 0.7588246044874727, "Emission": [0.0, 0.0, 0.0, 1.0], "Alpha": 1.0}