{"Base Color": [0.980711124452812, 0.12404106036131457, 0.47217498092277943, 1.0], "Subsurface": 0.03814373581687669, "Subsurface Radius": [0.4369782570291322, 0.577173960909763, 0.5755133951818748], "Subsurface Color": [0.9849748123717219, 0.560272255611604, 0.5842431690214474, 1.0], "Metallic": 0.12210881368950044, "Specular": 0.06906922769283741, "Specular Tint": 0.5502586967741832, "Roughness": 0.3668290575372368, "Anisotropic": 0.6125146764722529, "Anisotropic Rotation": 0.14710732757694645, "Sheen": 0.8647781827507907, "Sheen Tint": 0.8461905879415177, "Clearcoat": 0.6086510949489513, "Clearcout Roughness": 0.45996074099499684, "IOR": 1.45, "Transmission": 0.8012100008123733, "Transmission Roughness": 0.7206428170127404, "Emission": [0.0, 0.0, 0.0, 1.0], "Alpha": 1.0}