{"Base Color": [0.08252952921654166, 0.112112541321024, 0.77012983519164, 1.0], "Subsurface": 0.23213504944598085, "Subsurface Radius": [0.22119841206072688, 0.6263670193172095, 0.14950295952752846], "Subsurface Color": [0.2668830526779289, 0.9856681132405848, 0.0007931565168814991, 1.0], "Metallic": 0.6866108800282833, "Specular": 0.09634223920970775, "Specular Tint": 0.4844007256727867, "Roughness": 0.30588206339733925, "Anisotropic": 0.87491236685349, "Anisotropic Rotation": 0.8595046656324291, "Sheen": 0.07034794149040036, "Sheen Tint": 0.5685858980516276, "Clearcoat": 0.782576336819744, "Clearcout Roughness": 0.5807569025785464, "IOR": 1.45, "Transmission": 0.1695079423338517, "Transmission Roughness": 0.031134630060549506, "Emission": [0.0, 0.0, 0.0, 1.0], "Alpha": 1.0}