{"Base Color": [0.5043775390831408, 0.7490013083647384, 0.10593372983082583, 1.0], "Subsurface": 0.27285460060328504, "Subsurface Radius": [0.7353175083936383, 0.4062693524759524, 0.5450078283116147], "Subsurface Color": [0.6584285528968651, 0.16234205156878712, 0.2540571735359346, 1.0], "Metallic": 0.7688929964628898, "Specular": 0.04228462997721294, "Specular Tint": 0.030365245004886687, "Roughness": 0.5620574281152362, "Anisotropic": 0.7815900115765766, "Anisotropic Rotation": 0.0890921276922233, "Sheen": 0.5846220481668157, "Sheen Tint": 0.4173678404985822, "Clearcoat": 0.12297293380860919, "Clearcout Roughness": 0.0058199534267373565, "IOR": 1.45, "Transmission": 0.9798302300082504, "Transmission Roughness": 0.04024336582948285, "Emission": [0.0, 0.0, 0.0, 1.0], "Alpha": 1.0}