{"Base Color": [0.5129740219044997, 0.2482487140967341, 0.9382097983621837, 1.0], "Subsurface": 0.7962525491092682, "Subsurface Radius": [0.27709674552948993, 0.41884946559384995, 0.1277512705090187], "Subsurface Color": [0.7439667951893797, 0.44176640048695826, 0.26632854079583246, 1.0], "Metallic": 0.1577781178398635, "Specular": 0.8519254910759626, "Specular Tint": 0.5975198841565531, "Roughness": 0.12577858017934762, "Anisotropic": 0.027371560744852808, "Anisotropic Rotation": 0.6265627947590091, "Sheen": 0.4195217031647118, "Sheen Tint": 0.8705964654367082, "Clearcoat": 0.9776648693586452, "Clearcout Roughness": 0.14269047171261273, "IOR": 1.45, "Transmission": 0.2975489049867942, "Transmission Roughness": 0.6342128531939475, "Emission": [0.0, 0.0, 0.0, 1.0], "Alpha": 1.0}