{"Base Color": [0.45266841678298886, 0.9308513606049298, 0.39834690748967905, 1.0], "Subsurface": 0.25195914910142625, "Subsurface Radius": [0.22625563888419264, 0.5584180752984605, 0.9987167183072216], "Subsurface Color": [0.014740803293144089, 0.052607993867996306, 0.15246944840232768, 1.0], "Metallic": 0.5664256578229265, "Specular": 0.20555944624251954, "Specular Tint": 0.9768633282574746, "Roughness": 0.4886072867402218, "Anisotropic": 0.2429185815251116, "Anisotropic Rotation": 0.5071891006117983, "Sheen": 0.7028394619210263, "Sheen Tint": 0.6397688639439398, "Clearcoat": 0.42992715481821553, "Clearcout Roughness": 0.6398129071057872, "IOR": 1.45, "Transmission": 0.8771541283492759, "Transmission Roughness": 0.7828866969161424, "Emission": [0.0, 0.0, 0.0, 1.0], "Alpha": 1.0}