{"Base Color": [0.0748386548858605, 0.637556342242725, 0.8573128656630171, 1.0], "Subsurface": 0.4573765928089306, "Subsurface Radius": [0.06821856830720241, 0.407675824412454, 0.07973840477991967], "Subsurface Color": [0.2371426672362199, 0.7261439462018023, 0.45368724666299876, 1.0], "Metallic": 0.5730674090501753, "Specular": 0.017389796251859213, "Specular Tint": 0.062232676909043105, "Roughness": 0.5640534812964367, "Anisotropic": 0.75852964334095, "Anisotropic Rotation": 0.4450238533290972, "Sheen": 0.6967781014336771, "Sheen Tint": 0.2543810111029198, "Clearcoat": 0.805084078867298, "Clearcout Roughness": 0.1842110053524093, "IOR": 1.45, "Transmission": 0.9782926675640636, "Transmission Roughness": 0.38702963470003204, "Emission": [0.0, 0.0, 0.0, 1.0], "Alpha": 1.0}