{"Base Color": [0.40308331824743493, 0.31468411392887874, 0.6437478192633781, 1.0], "Subsurface": 0.28271332862497145, "Subsurface Radius": [0.0741879702978211, 0.9401546267676593, 0.8868585286193184], "Subsurface Color": [0.8863034554427206, 0.05440889828822282, 0.23100455984079082, 1.0], "Metallic": 0.4718165242246335, "Specular": 0.2986735596535204, "Specular Tint": 0.641474880182834, "Roughness": 0.6277577731439752, "Anisotropic": 0.4274072171981883, "Anisotropic Rotation": 0.5578485765431277, "Sheen": 0.287902465404239, "Sheen Tint": 0.45021814512042635, "Clearcoat": 0.5788859767891699, "Clearcout Roughness": 0.961013355573536, "IOR": 1.45, "Transmission": 0.46791430933168365, "Transmission Roughness": 0.3525342137399, "Emission": [0.0, 0.0, 0.0, 1.0], "Alpha": 1.0}