{"Base Color": [0.44989199365493804, 0.5129173668836344, 0.46278932354267766, 1.0], "Subsurface": 0.4525857113212416, "Subsurface Radius": [0.35860285477857023, 0.5873912250699829, 0.25470858106435046], "Subsurface Color": [0.7517484046623567, 0.3725718671697066, 0.24208557456778468, 1.0], "Metallic": 0.03455014249952326, "Specular": 0.9519061821587401, "Specular Tint": 0.5576048051984894, "Roughness": 0.8292208409893246, "Anisotropic": 0.5578856049245777, "Anisotropic Rotation": 0.18004176152309825, "Sheen": 0.8516342791959363, "Sheen Tint": 0.2942265298404555, "Clearcoat": 0.443752885064999, "Clearcout Roughness": 0.17364623680036984, "IOR": 1.45, "Transmission": 0.4396319795203283, "Transmission Roughness": 0.19764291176765447, "Emission": [0.0, 0.0, 0.0, 1.0], "Alpha": 1.0}