{"Base Color": [0.35371386671966887, 0.17341797408730442, 0.5025418418028992, 1.0], "Subsurface": 0.00037124637047925013, "Subsurface Radius": [0.10091815238036561, 0.3471577591480143, 0.5066765786279172], "Subsurface Color": [0.3489962731207461, 0.6282331645318563, 0.4053751661318682, 1.0], "Metallic": 0.7755591443143885, "Specular": 0.40081825211048927, "Specular Tint": 0.7370295808180443, "Roughness": 0.6162915387901181, "Anisotropic": 0.6836654915438408, "Anisotropic Rotation": 0.5412643860543941, "Sheen": 0.6928881183661023, "Sheen Tint": 0.734696649935861, "Clearcoat": 0.1361022541641842, "Clearcout Roughness": 0.9214134349319948, "IOR": 1.45, "Transmission": 0.3632369206572649, "Transmission Roughness": 0.6256657997090441, "Emission": [0.0, 0.0, 0.0, 1.0], "Alpha": 1.0}