{"Base Color": [0.1129253840245239, 0.15488733411142896, 0.003893455954538605, 1.0], "Subsurface": 0.6821609695937744, "Subsurface Radius": [0.18952185110130337, 0.5246011776011672, 0.22067145424595203], "Subsurface Color": [0.9996081144169975, 0.08995500379924581, 0.6676913996931902, 1.0], "Metallic": 0.13684208046916158, "Specular": 0.34131189001326023, "Specular Tint": 0.038614307991629127, "Roughness": 0.3895997635083034, "Anisotropic": 0.05495536819342073, "Anisotropic Rotation": 0.7155345236496959, "Sheen": 0.2945512541102904, "Sheen Tint": 0.6552501615067532, "Clearcoat": 0.1398114720625152, "Clearcout Roughness": 0.6613929787003235, "IOR": 1.45, "Transmission": 0.38842848739737734, "Transmission Roughness": 0.062318505368790245, "Emission": [0.0, 0.0, 0.0, 1.0], "Alpha": 1.0}