{"Base Color": [0.48522118473022047, 0.31879901756994466, 0.23361057850788935, 1.0], "Subsurface": 0.7595354393468268, "Subsurface Radius": [0.10769842176036926, 0.07434711857391862, 0.4688362636430311], "Subsurface Color": [0.34510351123022154, 0.0657322695997068, 0.4272702369225668, 1.0], "Metallic": 0.807953179020988, "Specular": 0.33394889118440163, "Specular Tint": 0.589767451750488, "Roughness": 0.6540560081083813, "Anisotropic": 0.18202749367234405, "Anisotropic Rotation": 0.8448956331793542, "Sheen": 0.7157523565446223, "Sheen Tint": 0.05850142748207343, "Clearcoat": 0.27957548029474244, "Clearcout Roughness": 0.8005759822285647, "IOR": 1.45, "Transmission": 0.5367769988450907, "Transmission Roughness": 0.9219159939182309, "Emission": [0.0, 0.0, 0.0, 1.0], "Alpha": 1.0}