{"Base Color": [0.6545823800064484, 0.9750783934617145, 0.6648746371253808, 1.0], "Subsurface": 0.15462019762554668, "Subsurface Radius": [0.5703811896343743, 0.06611352845268659, 0.10555788954179612], "Subsurface Color": [0.10231621761208498, 0.08411867877386991, 0.7593733901686958, 1.0], "Metallic": 0.9085527434237941, "Specular": 0.42413118549907036, "Specular Tint": 0.009621127246820182, "Roughness": 0.37380908778793864, "Anisotropic": 0.7521390503884477, "Anisotropic Rotation": 0.520624753418933, "Sheen": 0.8431040649589501, "Sheen Tint": 0.9771855923441809, "Clearcoat": 0.7981971844672324, "Clearcout Roughness": 0.3494176128203511, "IOR": 1.45, "Transmission": 0.43987676692996713, "Transmission Roughness": 0.7006377332829437, "Emission": [0.0, 0.0, 0.0, 1.0], "Alpha": 1.0}