{"Base Color": [0.39239740248131916, 0.5171975983648482, 0.24298512524989357, 1.0], "Subsurface": 0.20120066832033756, "Subsurface Radius": [0.3704883702810692, 0.2289682811032061, 0.9253566439945903], "Subsurface Color": [0.31512463416167047, 0.19124276288170095, 0.9186535696385527, 1.0], "Metallic": 0.31328278818355726, "Specular": 0.28687270879473414, "Specular Tint": 0.9663121755233084, "Roughness": 0.2895951183146439, "Anisotropic": 0.5380005873848274, "Anisotropic Rotation": 0.4262829057589862, "Sheen": 0.05088851857766985, "Sheen Tint": 0.8767250183733438, "Clearcoat": 0.011184102506815563, "Clearcout Roughness": 0.604816438393284, "IOR": 1.45, "Transmission": 0.8657902956190974, "Transmission Roughness": 0.9729039171889984, "Emission": [0.0, 0.0, 0.0, 1.0], "Alpha": 1.0}