{"Base Color": [0.32030700590718886, 0.027400058070289446, 0.04317549178955693, 1.0], "Subsurface": 0.42705596259531386, "Subsurface Radius": [0.5283961601561739, 0.5773595500179757, 0.5403308744719485], "Subsurface Color": [0.002463260039336501, 0.5403560294381026, 0.34187757937686036, 1.0], "Metallic": 0.5682754710173372, "Specular": 0.06120423866048996, "Specular Tint": 0.15488388203088266, "Roughness": 0.6197956113726699, "Anisotropic": 0.6608349518207998, "Anisotropic Rotation": 0.08785343355562591, "Sheen": 0.8335953499254068, "Sheen Tint": 0.6750977833520827, "Clearcoat": 0.14539986443882136, "Clearcout Roughness": 0.621235459613321, "IOR": 1.45, "Transmission": 0.9160192214528348, "Transmission Roughness": 0.5371667753453354, "Emission": [0.0, 0.0, 0.0, 1.0], "Alpha": 1.0}