{"Base Color": [0.7304596350674567, 0.9370999941939611, 0.6778969422799819, 1.0], "Subsurface": 0.521386959370993, "Subsurface Radius": [0.2528682694567389, 0.8584838052882457, 0.5220701197216592], "Subsurface Color": [0.8693415253516042, 0.8546472399009815, 0.5985600726588932, 1.0], "Metallic": 0.20141847407973423, "Specular": 0.914461167771064, "Specular Tint": 0.7827150782537802, "Roughness": 0.8500966218456978, "Anisotropic": 0.42236890947044325, "Anisotropic Rotation": 0.7195560279203503, "Sheen": 0.24046613639550485, "Sheen Tint": 0.8065374093726331, "Clearcoat": 0.8624333500219301, "Clearcout Roughness": 0.9801948514560536, "IOR": 1.45, "Transmission": 0.6750825413748118, "Transmission Roughness": 0.813602180782885, "Emission": [0.0, 0.0, 0.0, 1.0], "Alpha": 1.0}