{"Base Color": [0.12845155827541288, 0.006722505965046421, 0.6701219504050965, 1.0], "Subsurface": 0.45026124647235977, "Subsurface Radius": [0.02421401981034177, 0.15702720659526315, 0.04750157479976569], "Subsurface Color": [0.7847074439990543, 0.1516789154957301, 0.5790385464325253, 1.0], "Metallic": 0.07569113235431602, "Specular": 0.408722087681875, "Specular Tint": 0.801927047062386, "Roughness": 0.04226562156583158, "Anisotropic": 0.8443543517811295, "Anisotropic Rotation": 0.9956668139476683, "Sheen": 0.880415412608143, "Sheen Tint": 0.680597416717482, "Clearcoat": 0.21533077522138677, "Clearcout Roughness": 0.08497735637033876, "IOR": 1.45, "Transmission": 0.19216323788903245, "Transmission Roughness": 0.17631742309198895, "Emission": [0.0, 0.0, 0.0, 1.0], "Alpha": 1.0}