{"Base Color": [0.20780799019352403, 0.8836715847450395, 0.8267577073788616, 1.0], "Subsurface": 0.5356133074530143, "Subsurface Radius": [0.565403038661649, 0.31319458095036645, 0.35435876801108945], "Subsurface Color": [0.293706609806334, 0.5167622032023104, 0.18562758484704833, 1.0], "Metallic": 0.747527719665442, "Specular": 0.5544788423424009, "Specular Tint": 0.1917929432821862, "Roughness": 0.4337305621294194, "Anisotropic": 0.6901308438840102, "Anisotropic Rotation": 0.5574218023547397, "Sheen": 0.436746761309721, "Sheen Tint": 0.2503494576377997, "Clearcoat": 0.7865600268115753, "Clearcout Roughness": 0.5955586815917452, "IOR": 1.45, "Transmission": 0.874457232383437, "Transmission Roughness": 0.02575850822553971, "Emission": [0.0, 0.0, 0.0, 1.0], "Alpha": 1.0}