{"Base Color": [0.5652468997421555, 0.37704634842777796, 0.6810785492468892, 1.0], "Subsurface": 0.22640151670467157, "Subsurface Radius": [0.5730451281414347, 0.4110202782251634, 0.9813990702128803], "Subsurface Color": [0.538381753015211, 0.6006227123498412, 0.09359101149394211, 1.0], "Metallic": 0.9613465387136714, "Specular": 0.7803948367155406, "Specular Tint": 0.11568140441215835, "Roughness": 0.904204529320546, "Anisotropic": 0.6047120933357528, "Anisotropic Rotation": 0.35284515933119853, "Sheen": 0.05385874934591539, "Sheen Tint": 0.600708548087372, "Clearcoat": 0.037022989383908134, "Clearcout Roughness": 0.6632925637485638, "IOR": 1.45, "Transmission": 0.6402071433945674, "Transmission Roughness": 0.34884014856320134, "Emission": [0.0, 0.0, 0.0, 1.0], "Alpha": 1.0}