{"Base Color": [0.651833730960691, 0.29439252953695993, 0.7078887793407808, 1.0], "Subsurface": 0.9051142328778368, "Subsurface Radius": [0.006727705922981109, 0.21986980882215135, 0.5531287921329316], "Subsurface Color": [0.05408211335114266, 0.2115141693669832, 0.5968864149175233, 1.0], "Metallic": 0.3661557955251241, "Specular": 0.08376140768430351, "Specular Tint": 0.6106241225104301, "Roughness": 0.5998293451143312, "Anisotropic": 0.4810597511988878, "Anisotropic Rotation": 0.2342254007789184, "Sheen": 0.18297154595515952, "Sheen Tint": 0.5623635192239821, "Clearcoat": 0.796764083450683, "Clearcout Roughness": 0.3207543866802204, "IOR": 1.45, "Transmission": 0.6529066084038005, "Transmission Roughness": 0.006139934324693286, "Emission": [0.0, 0.0, 0.0, 1.0], "Alpha": 1.0}