{"Base Color": [0.283092921994588, 0.05044394227640203, 0.7943129335550353, 1.0], "Subsurface": 0.19466638821804882, "Subsurface Radius": [0.7946322246134251, 0.6854539807853487, 0.30072115059718096], "Subsurface Color": [0.012772231312762616, 0.10190551705412854, 0.10910991209940113, 1.0], "Metallic": 0.4777994877210078, "Specular": 0.7112032649658111, "Specular Tint": 0.12864888401761532, "Roughness": 0.9719160077616834, "Anisotropic": 0.7467646686973481, "Anisotropic Rotation": 0.41530214281099254, "Sheen": 0.10079789494681168, "Sheen Tint": 0.6677076413287748, "Clearcoat": 0.18878383927495224, "Clearcout Roughness": 0.16428388815858763, "IOR": 1.45, "Transmission": 0.7396415851192172, "Transmission Roughness": 0.46412021795598035, "Emission": [0.0, 0.0, 0.0, 1.0], "Alpha": 1.0}