{"Base Color": [0.4014300250669133, 0.24004146397011683, 0.6553268964926083, 1.0], "Subsurface": 0.9800555055167195, "Subsurface Radius": [0.05768514431676852, 0.24962785267797494, 0.9915554054328355], "Subsurface Color": [0.5115759809073529, 0.8876349330561268, 0.8287498960571454, 1.0], "Metallic": 0.047513918834172886, "Specular": 0.834260840081898, "Specular Tint": 0.10694815541262037, "Roughness": 0.3433381501534588, "Anisotropic": 0.2733678186212828, "Anisotropic Rotation": 0.5408057182578645, "Sheen": 0.5478022799728528, "Sheen Tint": 0.6713257266474099, "Clearcoat": 0.16920178323384394, "Clearcout Roughness": 0.9868865060929094, "IOR": 1.45, "Transmission": 0.28002584327882263, "Transmission Roughness": 0.4937270000329975, "Emission": [0.0, 0.0, 0.0, 1.0], "Alpha": 1.0}