{"Base Color": [0.12370909521196105, 0.6782582420474835, 0.009711474016920962, 1.0], "Subsurface": 0.4743229605582303, "Subsurface Radius": [0.31471029954984897, 0.5127777653350105, 0.30520976392055876], "Subsurface Color": [0.4562177362028613, 0.4014690473065453, 0.9568641300439663, 1.0], "Metallic": 0.11365371095660448, "Specular": 0.10145040675472916, "Specular Tint": 0.7682718462185552, "Roughness": 0.6711952813953049, "Anisotropic": 0.09791015797420366, "Anisotropic Rotation": 0.6380986082456118, "Sheen": 0.050398817045363864, "Sheen Tint": 0.22028638998279704, "Clearcoat": 0.7514672763787726, "Clearcout Roughness": 0.11671312562423597, "IOR": 1.45, "Transmission": 0.4791299131498752, "Transmission Roughness": 0.7149294337583597, "Emission": [0.0, 0.0, 0.0, 1.0], "Alpha": 1.0}