{"Base Color": [0.46660934306782387, 0.156427988502861, 0.6228571078043396, 1.0], "Subsurface": 0.8527296152985452, "Subsurface Radius": [0.6292710637217814, 0.8671953324457983, 0.8786146808929095], "Subsurface Color": [0.7692884416345454, 0.3639406278249152, 0.6946538649262234, 1.0], "Metallic": 0.635755074856381, "Specular": 0.4734153186756981, "Specular Tint": 0.4005011909097298, "Roughness": 0.5460620762949113, "Anisotropic": 0.45086915340504186, "Anisotropic Rotation": 0.054318378826591074, "Sheen": 0.602326150847383, "Sheen Tint": 0.6524598831519886, "Clearcoat": 0.9454913637739403, "Clearcout Roughness": 0.5826922678822671, "IOR": 1.45, "Transmission": 0.3208276460956938, "Transmission Roughness": 0.25122695459063327, "Emission": [0.0, 0.0, 0.0, 1.0], "Alpha": 1.0}