{"Base Color": [0.887890757157137, 0.2369241506174623, 0.6482313682579862, 1.0], "Subsurface": 0.2371671690787326, "Subsurface Radius": [0.5797958372958737, 0.27454176568133404, 0.7820439038475314], "Subsurface Color": [0.5038720796306557, 0.03131277110102104, 0.8541865357296878, 1.0], "Metallic": 0.7740842489114707, "Specular": 0.7997512501201425, "Specular Tint": 0.25179620739309094, "Roughness": 0.9345558866566464, "Anisotropic": 0.41481098725417853, "Anisotropic Rotation": 0.0887314365211479, "Sheen": 0.593131912231858, "Sheen Tint": 0.0558496406603175, "Clearcoat": 0.9134471657717581, "Clearcout Roughness": 0.16005440319299902, "IOR": 1.45, "Transmission": 0.13669808179110643, "Transmission Roughness": 0.1580501155793872, "Emission": [0.0, 0.0, 0.0, 1.0], "Alpha": 1.0}