{"Base Color": [0.7090936641027853, 0.16662875584440962, 0.48409378027689465, 1.0], "Subsurface": 0.838081031301719, "Subsurface Radius": [0.8961401621409036, 0.6936786216651369, 0.20240942790300998], "Subsurface Color": [0.7704672222539403, 0.954309798849632, 0.5377581688332427, 1.0], "Metallic": 0.6633138609469499, "Specular": 0.7694210057155767, "Specular Tint": 0.26761713098929185, "Roughness": 0.9928610763612286, "Anisotropic": 0.08665436459506437, "Anisotropic Rotation": 0.06241227373924185, "Sheen": 0.6681443202210687, "Sheen Tint": 0.2912505075454268, "Clearcoat": 0.8573593775786403, "Clearcout Roughness": 0.7936719203284565, "IOR": 1.45, "Transmission": 0.4391363780663655, "Transmission Roughness": 0.20325225583941942, "Emission": [0.0, 0.0, 0.0, 1.0], "Alpha": 1.0}