{"Base Color": [0.5597724743857557, 0.5186432547205938, 0.8052291740570815, 1.0], "Subsurface": 0.3463645320101597, "Subsurface Radius": [0.07562480187193577, 0.9542414280884356, 0.30362351123370634], "Subsurface Color": [0.7482196768493689, 0.005793767180481857, 0.5479762754118694, 1.0], "Metallic": 0.7422534755455873, "Specular": 0.25321553315367096, "Specular Tint": 0.8602764451706649, "Roughness": 0.33492477711475654, "Anisotropic": 0.4741177647915218, "Anisotropic Rotation": 0.41327049435277485, "Sheen": 0.6077323608925249, "Sheen Tint": 0.8296108692551941, "Clearcoat": 0.40143200891454844, "Clearcout Roughness": 0.6609213477952539, "IOR": 1.45, "Transmission": 0.9596747137283606, "Transmission Roughness": 0.897062965224144, "Emission": [0.0, 0.0, 0.0, 1.0], "Alpha": 1.0}