{"Base Color": [0.25258770493515337, 0.13318074117165513, 0.2230991901705307, 1.0], "Subsurface": 0.13166623822673917, "Subsurface Radius": [0.7655473828772686, 0.17143614879889235, 0.36741500570606456], "Subsurface Color": [0.3278702267049237, 0.8139622072011636, 0.31103075301778427, 1.0], "Metallic": 0.7907418860920603, "Specular": 0.36528920163843714, "Specular Tint": 0.16590760338782418, "Roughness": 0.266092789666697, "Anisotropic": 0.20236714619596308, "Anisotropic Rotation": 0.41591699079472755, "Sheen": 0.2533878335591475, "Sheen Tint": 0.7696697025765042, "Clearcoat": 0.021725608574693855, "Clearcout Roughness": 0.5372177680186719, "IOR": 1.45, "Transmission": 0.46394545324399006, "Transmission Roughness": 0.29097430487176446, "Emission": [0.0, 0.0, 0.0, 1.0], "Alpha": 1.0}