{"Base Color": [0.9405462068230114, 0.5237511469586198, 0.27767502508532615, 1.0], "Subsurface": 0.39750024300477116, "Subsurface Radius": [0.5515769082306233, 0.9419085231699509, 0.7889977933054508], "Subsurface Color": [0.5068678514492548, 0.08958030738525258, 0.8377460202211309, 1.0], "Metallic": 0.8782426089324488, "Specular": 0.24108547417632775, "Specular Tint": 0.7250172171919248, "Roughness": 0.9704508960098858, "Anisotropic": 0.4879316306525465, "Anisotropic Rotation": 0.7242883962466437, "Sheen": 0.8996975221315514, "Sheen Tint": 0.628117775097343, "Clearcoat": 0.5175345794451742, "Clearcout Roughness": 0.15824915550430985, "IOR": 1.45, "Transmission": 0.7735854811561079, "Transmission Roughness": 0.7544580339185066, "Emission": [0.0, 0.0, 0.0, 1.0], "Alpha": 1.0}