{"Base Color": [0.3307408651889103, 0.8130110652214437, 0.8063473964467643, 1.0], "Subsurface": 0.3585990974651365, "Subsurface Radius": [0.12451247122224607, 0.6737340379515161, 0.0650699202191124], "Subsurface Color": [0.3991552962823194, 0.7051714077110062, 0.9037758463297826, 1.0], "Metallic": 0.5777727024102126, "Specular": 0.6213221053006776, "Specular Tint": 0.12714764869978856, "Roughness": 0.04508722793795239, "Anisotropic": 0.5581091235025276, "Anisotropic Rotation": 0.5173317179184607, "Sheen": 0.9530971266792895, "Sheen Tint": 0.5580313602893867, "Clearcoat": 0.281061460611846, "Clearcout Roughness": 0.9506356476848817, "IOR": 1.45, "Transmission": 0.459073865908294, "Transmission Roughness": 0.15494135584549984, "Emission": [0.0, 0.0, 0.0, 1.0], "Alpha": 1.0}