{"Base Color": [0.38886344786348725, 0.4193722644591542, 0.22015753178896935, 1.0], "Subsurface": 0.8286403487823084, "Subsurface Radius": [0.8944262209973894, 0.7499106785931314, 0.3962378039850042], "Subsurface Color": [0.35027993102495725, 0.28279657894348564, 0.5638602398776645, 1.0], "Metallic": 0.07970164521768397, "Specular": 0.03054626045905917, "Specular Tint": 0.48771383947941493, "Roughness": 0.4895889629600464, "Anisotropic": 0.17826406381442883, "Anisotropic Rotation": 0.9178306667807172, "Sheen": 0.7633111423058143, "Sheen Tint": 0.1111445617778255, "Clearcoat": 0.4783918282657703, "Clearcout Roughness": 0.9281713352996038, "IOR": 1.45, "Transmission": 0.09401122455605238, "Transmission Roughness": 0.2063889739487571, "Emission": [0.0, 0.0, 0.0, 1.0], "Alpha": 1.0}