{"Base Color": [0.15533583205400936, 0.8208797197510851, 0.31577436026303585, 1.0], "Subsurface": 0.02438185413808469, "Subsurface Radius": [0.5510407487510642, 0.7064739914127657, 0.7324308593731618], "Subsurface Color": [0.619967342285914, 0.5060122955291675, 0.7928750314769937, 1.0], "Metallic": 0.8058005309426352, "Specular": 0.5276377770830242, "Specular Tint": 0.793777119386692, "Roughness": 0.04387640467777165, "Anisotropic": 0.16046889671708853, "Anisotropic Rotation": 0.4619847589837366, "Sheen": 0.7863453117570915, "Sheen Tint": 0.0776374551385437, "Clearcoat": 0.4282130872967458, "Clearcout Roughness": 0.4539035564322176, "IOR": 1.45, "Transmission": 0.5376965235535925, "Transmission Roughness": 0.23766845025806638, "Emission": [0.0, 0.0, 0.0, 1.0], "Alpha": 1.0}