{"Base Color": [0.31114485164205796, 0.20030686087575666, 0.3173844466656881, 1.0], "Subsurface": 0.5396103509842467, "Subsurface Radius": [0.5595421755687515, 0.9667107333526294, 0.3070073534372538], "Subsurface Color": [0.11318154872400643, 0.7177127460191409, 0.16021689678017736, 1.0], "Metallic": 0.9016659764036647, "Specular": 0.8812079239739022, "Specular Tint": 0.29771309840541915, "Roughness": 0.9273078092622816, "Anisotropic": 0.28536553940996245, "Anisotropic Rotation": 0.02263757590634141, "Sheen": 0.9730860512306129, "Sheen Tint": 0.4802460282186878, "Clearcoat": 0.7765482975230629, "Clearcout Roughness": 0.2813279019552951, "IOR": 1.45, "Transmission": 0.16053226298483403, "Transmission Roughness": 0.021176896463231953, "Emission": [0.0, 0.0, 0.0, 1.0], "Alpha": 1.0}