{"Base Color": [0.3184647730805854, 0.6458249571077481, 0.601360481311502, 1.0], "Subsurface": 0.18470801238800771, "Subsurface Radius": [0.1443264278483729, 0.7332916339331401, 0.48023373484176546], "Subsurface Color": [0.6713819984574435, 0.009688637727617855, 0.619783207914101, 1.0], "Metallic": 0.6695916574593828, "Specular": 0.954390245454799, "Specular Tint": 0.4450399674659503, "Roughness": 0.740249324639088, "Anisotropic": 0.010959320704862163, "Anisotropic Rotation": 0.24495586900243682, "Sheen": 0.7987951834980125, "Sheen Tint": 0.7421470961233996, "Clearcoat": 0.4202153112534064, "Clearcout Roughness": 0.7238667800491668, "IOR": 1.45, "Transmission": 0.45292538382061054, "Transmission Roughness": 0.9878900486827044, "Emission": [0.0, 0.0, 0.0, 1.0], "Alpha": 1.0}