{"Base Color": [0.13537897714499447, 0.46356461886748535, 0.5336017417281361, 1.0], "Subsurface": 0.3414924981947304, "Subsurface Radius": [0.819455433019618, 0.2784363926626654, 0.36217461473490276], "Subsurface Color": [0.6408824178431453, 0.11596316424277298, 0.10184084661571136, 1.0], "Metallic": 0.565394389446198, "Specular": 0.22711187773526964, "Specular Tint": 0.2559045439481421, "Roughness": 0.9422145455706071, "Anisotropic": 0.4927253326920028, "Anisotropic Rotation": 0.6083782101034999, "Sheen": 0.4572916149380808, "Sheen Tint": 0.41324230695505504, "Clearcoat": 0.4038221334443274, "Clearcout Roughness": 0.719163579864411, "IOR": 1.45, "Transmission": 0.5293560472134763, "Transmission Roughness": 0.6543639432512363, "Emission": [0.0, 0.0, 0.0, 1.0], "Alpha": 1.0}