{"Base Color": [0.5506370761194744, 0.7618081932068282, 0.15753365209046577, 1.0], "Subsurface": 0.4165534740971112, "Subsurface Radius": [0.35497898211384293, 0.7787221720526938, 0.964257379411804], "Subsurface Color": [0.24657420734968216, 0.3989839390132741, 0.2757720873139916, 1.0], "Metallic": 0.6126152646618023, "Specular": 0.4863884448315441, "Specular Tint": 0.5445789536473503, "Roughness": 0.27473513972332064, "Anisotropic": 0.16802585452358498, "Anisotropic Rotation": 0.5148774397161142, "Sheen": 0.981406918385154, "Sheen Tint": 0.43620333204689477, "Clearcoat": 0.329250033268237, "Clearcout Roughness": 0.18662444446552118, "IOR": 1.45, "Transmission": 0.5241896462626298, "Transmission Roughness": 0.5407241886610646, "Emission": [0.0, 0.0, 0.0, 1.0], "Alpha": 1.0}