{"Base Color": [0.6344101576872055, 0.34745294418382633, 0.06588884865484557, 1.0], "Subsurface": 0.9692539729690983, "Subsurface Radius": [0.877332269031417, 0.8985121883332177, 0.9182785737620516], "Subsurface Color": [0.3882532812705177, 0.9669337159012589, 0.16993433971655614, 1.0], "Metallic": 0.03560971916225797, "Specular": 0.9521401120309625, "Specular Tint": 0.556919067073796, "Roughness": 0.21700708498122623, "Anisotropic": 0.9220247061939765, "Anisotropic Rotation": 0.21856254038408363, "Sheen": 0.45669285347369215, "Sheen Tint": 0.2799948027274568, "Clearcoat": 0.7214510524720004, "Clearcout Roughness": 0.22188967671525373, "IOR": 1.45, "Transmission": 0.40627795419697676, "Transmission Roughness": 0.027876792122384142, "Emission": [0.0, 0.0, 0.0, 1.0], "Alpha": 1.0}